evento,url,fecha,lugar
UFC 280: Oliveira vs. Makhachev,http://ufcstats.com/event-details/885e7f70dcac0007,22/10/2022,"Abu Dhabi, Abu Dhabi, United Arab Emirates"
UFC Fight Night: Grasso vs. Araujo,http://ufcstats.com/event-details/49c29e57d4e2be6f,15/10/2022,"Las Vegas, Nevada, USA"
UFC Fight Night: Dern vs. Yan,http://ufcstats.com/event-details/4f670b7972fa0a2e,1/10/2022,"Las Vegas, Nevada, USA"
UFC Fight Night: Sandhagen vs. Song,http://ufcstats.com/event-details/8d477c3fbe001f9d,17/9/2022,"Las Vegas, Nevada, USA"
UFC 279: Diaz vs. Ferguson,http://ufcstats.com/event-details/93bf96be327fcd98,10/9/2022,"Las Vegas, Nevada, USA"
UFC Fight Night: Gane vs. Tuivasa,http://ufcstats.com/event-details/00a905a4a4a2b071,3/9/2022,"Paris, Ile-de-France, France"
UFC 278: Usman vs. Edwards,http://ufcstats.com/event-details/4f853e98886283cf,20/8/2022,"Salt Lake City, Utah, USA"
UFC Fight Night: Vera vs. Cruz,http://ufcstats.com/event-details/a23e63184c65f5b8,13/8/2022,"San Diego, California, USA"
UFC Fight Night: Santos vs. Hill,http://ufcstats.com/event-details/8f6a18831a120817,6/8/2022,"Las Vegas, Nevada, USA"
UFC 277: Pena vs. Nunes 2,http://ufcstats.com/event-details/b0a6124751a56bc4,30/7/2022,"Dallas, Texas, USA"
UFC Fight Night: Blaydes vs. Aspinall,http://ufcstats.com/event-details/319c15b8aac5bfde,23/7/2022,"London, England, United Kingdom"
UFC Fight Night: Ortega vs. Rodriguez,http://ufcstats.com/event-details/8fd76e1b49c00ae2,16/7/2022,"Elmont, New York, USA"
UFC Fight Night: Dos Anjos vs. Fiziev,http://ufcstats.com/event-details/31da66df48c0c1a0,9/7/2022,"Las Vegas, Nevada, USA"
UFC 276: Adesanya vs. Cannonier,http://ufcstats.com/event-details/4a9e305633f3ef47,2/7/2022,"Las Vegas, Nevada, USA"
UFC Fight Night: Tsarukyan vs. Gamrot,http://ufcstats.com/event-details/eb42d4febfafefd1,25/6/2022,"Las Vegas, Nevada, USA"
UFC Fight Night: Kattar vs. Emmett,http://ufcstats.com/event-details/a0a680fe2f6cc8e6,18/6/2022,"Austin, Texas, USA"
UFC 275: Teixeira vs. Prochazka,http://ufcstats.com/event-details/3a24769a4855040a,11/6/2022,"Kallang, Singapore"
UFC Fight Night: Volkov vs. Rozenstruik,http://ufcstats.com/event-details/57591bbf1623574e,4/6/2022,"Las Vegas, Nevada, USA"
UFC Fight Night: Holm vs. Vieira,http://ufcstats.com/event-details/a6c32678efd4f434,21/5/2022,"Las Vegas, Nevada, USA"
UFC Fight Night: Blachowicz vs. Rakic,http://ufcstats.com/event-details/60ba33c3f555a7a3,14/5/2022,"Las Vegas, Nevada, USA"
UFC 274: Oliveira vs. Gaethje,http://ufcstats.com/event-details/253d3f9e97ca149a,7/5/2022,"Phoenix, Arizona, USA"
UFC Fight Night: Font vs. Vera,http://ufcstats.com/event-details/6bf5a7d3e081ade2,30/4/2022,"Las Vegas, Nevada, USA"
UFC Fight Night: Lemos vs. Andrade,http://ufcstats.com/event-details/236a37d96d476164,23/4/2022,"Las Vegas, Nevada, USA"
UFC Fight Night: Luque vs. Muhammad,http://ufcstats.com/event-details/8753e125f4499816,16/4/2022,"Las Vegas, Nevada, USA"
UFC 273: Volkanovski vs. The Korean Zombie,http://ufcstats.com/event-details/3a97fda0de6f1fa4,9/4/2022,"Jacksonville, Florida, USA"
UFC Fight Night: Blaydes vs. Daukaus,http://ufcstats.com/event-details/1fac46d466abd5b8,26/3/2022,"Columbus, Ohio, USA"
UFC Fight Night: Volkov vs. Aspinall,http://ufcstats.com/event-details/1d00756835ca67c9,19/3/2022,"London, England, United Kingdom"
UFC Fight Night: Santos vs. Ankalaev,http://ufcstats.com/event-details/1f9344211ca7fd60,12/3/2022,"Las Vegas, Nevada, USA"
UFC 272: Covington vs. Masvidal,http://ufcstats.com/event-details/75e0d3cc2262b732,5/3/2022,"Las Vegas, Nevada, USA"
UFC Fight Night: Makhachev vs. Green,http://ufcstats.com/event-details/f6a7b02c42e9fc5b,26/2/2022,"Las Vegas, Nevada, USA"
UFC Fight Night: Walker vs. Hill,http://ufcstats.com/event-details/77940e45bc86208e,19/2/2022,"Las Vegas, Nevada, USA"
UFC 271: Adesanya vs. Whittaker 2,http://ufcstats.com/event-details/cbb682f5fcc44bfc,12/2/2022,"Houston, Texas, USA"
UFC Fight Night: Hermansson vs. Strickland,http://ufcstats.com/event-details/883922e5cd6d8473,5/2/2022,"Las Vegas, Nevada, USA"
UFC 270: Ngannou vs. Gane,http://ufcstats.com/event-details/335ad945324c3a2e,22/1/2022,"Anaheim, California, USA"
UFC Fight Night: Kattar vs. Chikadze,http://ufcstats.com/event-details/f5585e675af7afd4,15/1/2022,"Las Vegas, Nevada, USA"
UFC Fight Night: Lewis vs. Daukaus,http://ufcstats.com/event-details/2a470ad41c22c25a,18/12/2021,"Las Vegas, Nevada, USA"
UFC 269: Oliveira vs. Poirier,http://ufcstats.com/event-details/ef927e4fe2117ab8,11/12/2021,"Las Vegas, Nevada, USA"
UFC Fight Night: Font vs. Aldo,http://ufcstats.com/event-details/509697e08673d2e5,4/12/2021,"Las Vegas, Nevada, USA"
UFC Fight Night: Vieira vs. Tate,http://ufcstats.com/event-details/c95fbc085e17a532,20/11/2021,"Las Vegas, Nevada, USA"
UFC Fight Night: Holloway vs. Rodriguez,http://ufcstats.com/event-details/b5abaa65f87938eb,13/11/2021,"Las Vegas, Nevada, USA"
UFC 268: Usman vs. Covington 2,http://ufcstats.com/event-details/48e093ea1f43a053,6/11/2021,"New York City, New York, USA"
UFC 267: Blachowicz vs. Teixeira,http://ufcstats.com/event-details/3974fa35c917af1d,30/10/2021,"Abu Dhabi, Abu Dhabi, United Arab Emirates"
UFC Fight Night: Costa vs. Vettori,http://ufcstats.com/event-details/8a9c6c4301f6d088,23/10/2021,"Las Vegas, Nevada, USA"
UFC Fight Night: Ladd vs. Dumont,http://ufcstats.com/event-details/8f4616698508f24d,16/10/2021,"Las Vegas, Nevada, USA"
UFC Fight Night: Dern vs. Rodriguez,http://ufcstats.com/event-details/d247691a6c0e9034,9/10/2021,"Las Vegas, Nevada, USA"
UFC Fight Night: Santos vs. Walker,http://ufcstats.com/event-details/e15d0a2519d6a0b5,2/10/2021,"Las Vegas, Nevada, USA"
UFC 266: Volkanovski vs. Ortega,http://ufcstats.com/event-details/0eec866a077889f0,25/9/2021,"Las Vegas, Nevada, USA"
UFC Fight Night: Smith vs. Spann,http://ufcstats.com/event-details/4c27ca8c8481f79a,18/9/2021,"Las Vegas, Nevada, USA"
UFC Fight Night: Brunson vs. Till,http://ufcstats.com/event-details/b9532d815060de7f,4/9/2021,"Las Vegas, Nevada, USA"
UFC Fight Night: Barboza vs. Chikadze,http://ufcstats.com/event-details/0db9d2486d564a3c,28/8/2021,"Las Vegas, Nevada, USA"
UFC Fight Night: Cannonier vs. Gastelum,http://ufcstats.com/event-details/2f13e4020cea5b38,21/8/2021,"Las Vegas, Nevada, USA"
UFC 265: Lewis vs. Gane,http://ufcstats.com/event-details/972197a8c61ac413,7/8/2021,"Houston, Texas, USA"
UFC Fight Night: Hall vs. Strickland,http://ufcstats.com/event-details/320edfb0332b7073,31/7/2021,"Las Vegas, Nevada, USA"
UFC Fight Night: Sandhagen vs. Dillashaw,http://ufcstats.com/event-details/e57f0b06ea39e360,24/7/2021,"Las Vegas, Nevada, USA"
UFC Fight Night: Makhachev vs. Moises,http://ufcstats.com/event-details/40389d39a92f5bfa,17/7/2021,"Las Vegas, Nevada, USA"
UFC 264: Poirier vs. McGregor 3,http://ufcstats.com/event-details/8a0be41c0380188d,10/7/2021,"Las Vegas, Nevada, USA"
UFC Fight Night: Gane vs. Volkov,http://ufcstats.com/event-details/a1d6b308781aa2f5,26/6/2021,"Las Vegas, Nevada, USA"
UFC Fight Night: Jung vs. Ige,http://ufcstats.com/event-details/9ddfb3369a3b0394,19/6/2021,"Las Vegas, Nevada, USA"
UFC 263: Adesanya vs. Vettori 2,http://ufcstats.com/event-details/0b64d0fed453ef7f,12/6/2021,"Glendale, Arizona, USA"
UFC Fight Night: Rozenstruik vs. Sakai,http://ufcstats.com/event-details/3b2485c8d5c8b580,5/6/2021,"Las Vegas, Nevada, USA"
UFC Fight Night: Font vs. Garbrandt,http://ufcstats.com/event-details/277ffed20cf07aea,22/5/2021,"Las Vegas, Nevada, USA"
UFC 262: Oliveira vs. Chandler,http://ufcstats.com/event-details/744f50016c39c26c,15/5/2021,"Houston, Texas, USA"
UFC Fight Night: Rodriguez vs. Waterson,http://ufcstats.com/event-details/58a36b4ccf5dc30e,8/5/2021,"Las Vegas, Nevada, USA"
UFC Fight Night: Reyes vs. Prochazka,http://ufcstats.com/event-details/d57e6a8971b6d2bd,1/5/2021,"Las Vegas, Nevada, USA"
UFC 261: Usman vs. Masvidal 2,http://ufcstats.com/event-details/27541033b97c076d,24/4/2021,"Jacksonville, Florida, USA"
UFC Fight Night: Whittaker vs. Gastelum,http://ufcstats.com/event-details/4a35913bd9aa4161,17/4/2021,"Las Vegas, Nevada, USA"
UFC Fight Night: Vettori vs. Holland,http://ufcstats.com/event-details/9114c8ded5ccd71d,10/4/2021,"Las Vegas, Nevada, USA"
UFC 260: Miocic vs. Ngannou,http://ufcstats.com/event-details/6597b611f1c32555,27/3/2021,"Las Vegas, Nevada, USA"
UFC Fight Night: Brunson vs. Holland,http://ufcstats.com/event-details/c36e1f4fa755ffb4,20/3/2021,"Las Vegas, Nevada, USA"
UFC Fight Night: Edwards vs. Muhammad,http://ufcstats.com/event-details/8c90c1563972e44d,13/3/2021,"Las Vegas, Nevada, USA"
UFC 259: Blachowicz vs. Adesanya,http://ufcstats.com/event-details/6e2b1d631832921d,6/3/2021,"Las Vegas, Nevada, USA"
UFC Fight Night: Rozenstruik vs. Gane,http://ufcstats.com/event-details/81b57acd6975ac06,27/2/2021,"Las Vegas, Nevada, USA"
UFC Fight Night: Blaydes vs. Lewis,http://ufcstats.com/event-details/bfe95ec546692b13,20/2/2021,"Las Vegas, Nevada, USA"
UFC 258: Usman vs. Burns,http://ufcstats.com/event-details/3f7c14c7eca7195d,13/2/2021,"Las Vegas, Nevada, USA"
UFC Fight Night: Overeem vs. Volkov,http://ufcstats.com/event-details/a1153013cb5f628f,6/2/2021,"Las Vegas, Nevada, USA"
UFC 257: Poirier vs. McGregor,http://ufcstats.com/event-details/4304992c2acc187b,23/1/2021,"Abu Dhabi, Abu Dhabi, United Arab Emirates"
UFC Fight Night: Chiesa vs. Magny,http://ufcstats.com/event-details/56116537d71a578c,20/1/2021,"Abu Dhabi, Abu Dhabi, United Arab Emirates"
UFC Fight Night: Holloway vs. Kattar,http://ufcstats.com/event-details/307064d3e0f036c2,16/1/2021,"Abu Dhabi, Abu Dhabi, United Arab Emirates"
UFC Fight Night: Thompson vs. Neal,http://ufcstats.com/event-details/e49c2db95e572dc8,19/12/2020,"Las Vegas, Nevada, USA"
UFC 256: Figueiredo vs. Moreno,http://ufcstats.com/event-details/d0d43cb9b14f231c,12/12/2020,"Las Vegas, Nevada, USA"
UFC Fight Night: Hermansson vs. Vettori,http://ufcstats.com/event-details/398b440e73d55b8b,5/12/2020,"Las Vegas, Nevada, USA"
UFC Fight Night: Smith vs. Clark,http://ufcstats.com/event-details/992c82450d96f726,28/11/2020,"Las Vegas, Nevada, USA"
UFC 255: Figueiredo vs. Perez,http://ufcstats.com/event-details/bbb15f301e4a490a,21/11/2020,"Las Vegas, Nevada, USA"
UFC Fight Night: Felder vs. Dos Anjos,http://ufcstats.com/event-details/3bc27ec15facbcf3,14/11/2020,"Las Vegas, Nevada, USA"
UFC Fight Night: Santos vs. Teixeira,http://ufcstats.com/event-details/41dca66f9dadfc86,7/11/2020,"Las Vegas, Nevada, USA"
UFC Fight Night: Hall vs. Silva,http://ufcstats.com/event-details/ad044be25c94dcfd,31/10/2020,"Las Vegas, Nevada, USA"
UFC 254: Khabib vs. Gaethje,http://ufcstats.com/event-details/c3c38c86f5ab9b5c,24/10/2020,"Abu Dhabi, Abu Dhabi, United Arab Emirates"
UFC Fight Night: Ortega vs. The Korean Zombie,http://ufcstats.com/event-details/d4f364dd076bb0e2,17/10/2020,"Abu Dhabi, Abu Dhabi, United Arab Emirates"
UFC Fight Night: Moraes vs. Sandhagen,http://ufcstats.com/event-details/fd4578cac86d75ca,10/10/2020,"Abu Dhabi, Abu Dhabi, United Arab Emirates"
UFC Fight Night: Holm vs. Aldana,http://ufcstats.com/event-details/805ad1801eb26abb,3/10/2020,"Abu Dhabi, Abu Dhabi, United Arab Emirates"
UFC 253: Adesanya vs. Costa,http://ufcstats.com/event-details/e69c5ce12f4e762b,26/9/2020,"Abu Dhabi, Abu Dhabi, United Arab Emirates"
UFC Fight Night: Covington vs. Woodley,http://ufcstats.com/event-details/831b937811804dad,19/9/2020,"Las Vegas, Nevada, USA"
UFC Fight Night: Waterson vs. Hill,http://ufcstats.com/event-details/9c37681096c6f3a9,12/9/2020,"Las Vegas, Nevada, USA"
UFC Fight Night: Overeem vs. Sakai,http://ufcstats.com/event-details/542db012217ecb83,5/9/2020,"Las Vegas, Nevada, USA"
UFC Fight Night: Smith vs. Rakic,http://ufcstats.com/event-details/e29cf523ebd155c5,29/8/2020,"Las Vegas, Nevada, USA"
UFC Fight Night: Munhoz vs. Edgar,http://ufcstats.com/event-details/af1e5c64b8663aa0,22/8/2020,"Las Vegas, Nevada, USA"
UFC 252: Miocic vs. Cormier 3,http://ufcstats.com/event-details/bda04c573563cc2e,15/8/2020,"Las Vegas, Nevada, USA"
UFC Fight Night: Lewis vs. Oleinik,http://ufcstats.com/event-details/7a82635ffa9b59fe,8/8/2020,"Las Vegas, Nevada, USA"
UFC Fight Night: Brunson vs. Shahbazyan,http://ufcstats.com/event-details/3746e21bb508391a,1/8/2020,"Las Vegas, Nevada, USA"
UFC Fight Night: Whittaker vs. Till,http://ufcstats.com/event-details/dde70a112e053a6c,25/7/2020,"Abu Dhabi, Abu Dhabi, United Arab Emirates"
UFC Fight Night: Figueiredo vs. Benavidez 2,http://ufcstats.com/event-details/ddbd0d6259ce57cc,18/7/2020,"Abu Dhabi, Abu Dhabi, United Arab Emirates"
UFC Fight Night: Kattar vs. Ige,http://ufcstats.com/event-details/18f5669a92e99d92,15/7/2020,"Abu Dhabi, Abu Dhabi, United Arab Emirates"
UFC 251: Usman vs. Masvidal,http://ufcstats.com/event-details/dbd198f780286aca,11/7/2020,"Abu Dhabi, Abu Dhabi, United Arab Emirates"
UFC Fight Night: Poirier vs. Hooker,http://ufcstats.com/event-details/c32eab6c2119e989,27/6/2020,"Las Vegas, Nevada, USA"
UFC Fight Night: Blaydes vs. Volkov,http://ufcstats.com/event-details/2eab7a6c8b0ed8cc,20/6/2020,"Las Vegas, Nevada, USA"
UFC Fight Night: Eye vs. Calvillo,http://ufcstats.com/event-details/1e13936d708bcff7,13/6/2020,"Las Vegas, Nevada, USA"
UFC 250: Nunes vs. Spencer,http://ufcstats.com/event-details/4c12aa7ca246e7a4,6/6/2020,"Las Vegas, Nevada, USA"
UFC Fight Night: Woodley vs. Burns,http://ufcstats.com/event-details/14b9e0f2679a2205,30/5/2020,"Las Vegas, Nevada, USA"
UFC Fight Night: Overeem vs. Harris,http://ufcstats.com/event-details/dfb965c9824425db,16/5/2020,"Jacksonville, Florida, USA"
UFC Fight Night: Smith vs. Teixeira,http://ufcstats.com/event-details/5f8e00c27b7e7410,13/5/2020,"Jacksonville, Florida, USA"
UFC 249: Ferguson vs. Gaethje,http://ufcstats.com/event-details/898337ef520fe4d3,9/5/2020,"Jacksonville, Florida, USA"
UFC Fight Night: Lee vs. Oliveira,http://ufcstats.com/event-details/53278852bcd91e11,14/3/2020,"Brasilia, Distrito Federal, Brazil"
UFC 248: Adesanya vs. Romero,http://ufcstats.com/event-details/0b5b6876c2a4723f,7/3/2020,"Las Vegas, Nevada, USA"
UFC Fight Night: Benavidez vs. Figueiredo,http://ufcstats.com/event-details/fc9a9559a05f2704,29/2/2020,"Norfolk, Virginia, USA"
UFC Fight Night: Felder vs. Hooker,http://ufcstats.com/event-details/33b2f68ef95252e0,22/2/2020,"Auckland, New Zealand"
UFC Fight Night: Anderson vs. Blachowicz,http://ufcstats.com/event-details/5df17b3620145578,15/2/2020,"Rio Rancho, New Mexico, USA"
UFC 247: Jones vs. Reyes,http://ufcstats.com/event-details/b26d3e3746fb4024,8/2/2020,"Houston, Texas, USA"
UFC Fight Night: Blaydes vs. Dos Santos,http://ufcstats.com/event-details/44aa652b181bcf68,25/1/2020,"Raleigh, North Carolina, USA"
UFC 246: McGregor vs. Cowboy,http://ufcstats.com/event-details/0c1773639c795466,18/1/2020,"Las Vegas, Nevada, USA"
UFC Fight Night: Edgar vs. The Korean Zombie,http://ufcstats.com/event-details/74fefd43f073cd2f,21/12/2019,"Busan, South Korea"
UFC 245: Usman vs. Covington,http://ufcstats.com/event-details/4565d435005319c0,14/12/2019,"Las Vegas, Nevada, USA"
UFC Fight Night: Overeem vs. Rozenstruik,http://ufcstats.com/event-details/b09890ba7ce1d1e2,7/12/2019,"Washington, DC, USA"
UFC Fight Night: Blachowicz vs. Jacare,http://ufcstats.com/event-details/81ca2c245b19b3c5,16/11/2019,"Sao Paulo, Sao Paulo, Brazil"
UFC Fight Night: Zabit vs. Kattar,http://ufcstats.com/event-details/8d5daf67983b65ba,9/11/2019,"Moscow, Moscow, Russia"
UFC 244: Masvidal vs. Diaz,http://ufcstats.com/event-details/fd87b1bbfcde9d5e,2/11/2019,"New York City, New York, USA"
UFC Fight Night: Maia vs. Askren,http://ufcstats.com/event-details/df05aa15b2d66f57,26/10/2019,"Kallang, Singapore"
UFC Fight Night: Reyes vs. Weidman,http://ufcstats.com/event-details/3ae10ac4df3df05c,18/10/2019,"Boston, Massachusetts, USA"
UFC Fight Night: Joanna vs. Waterson,http://ufcstats.com/event-details/0941df56f6ac954b,12/10/2019,"Tampa, Florida, USA"
UFC 243: Whittaker vs. Adesanya,http://ufcstats.com/event-details/3cf68c1d17f66af7,5/10/2019,"Melbourne, Victoria, Australia"
UFC Fight Night: Hermansson vs. Cannonier,http://ufcstats.com/event-details/1bf49bf829964144,28/9/2019,"Copenhagen, Denmark"
UFC Fight Night: Rodriguez vs. Stephens,http://ufcstats.com/event-details/94a5aaf573f780ad,21/9/2019,"Mexico City, Distrito Federal, Mexico"
UFC Fight Night: Cowboy vs. Gaethje,http://ufcstats.com/event-details/4834ff149dc9542a,14/9/2019,"Vancouver, British Columbia, Canada"
UFC 242: Khabib vs. Poirier,http://ufcstats.com/event-details/a79bfbc01b2264d6,7/9/2019,"Abu Dhabi, Abu Dhabi, United Arab Emirates"
UFC Fight Night: Andrade vs. Zhang,http://ufcstats.com/event-details/2c104b7e59a72629,31/8/2019,"Shenzhen, Guangdong, China"
UFC 241: Cormier vs. Miocic 2,http://ufcstats.com/event-details/70167689d6a01793,17/8/2019,"Anaheim, California, USA"
UFC Fight Night: Shevchenko vs. Carmouche 2,http://ufcstats.com/event-details/e5d03e4d966126bd,10/8/2019,"Montevideo, Uruguay"
UFC Fight Night: Covington vs. Lawler,http://ufcstats.com/event-details/03da33a102d9a45f,3/8/2019,"Newark, New Jersey, USA"
UFC 240: Holloway vs. Edgar,http://ufcstats.com/event-details/abcf7e55a0a9ed89,27/7/2019,"Edmonton, Alberta, Canada"
UFC Fight Night: Dos Anjos vs. Edwards,http://ufcstats.com/event-details/9e0f28d1f639ad73,20/7/2019,"San Antonio, Texas, USA"
UFC Fight Night: De Randamie vs. Ladd,http://ufcstats.com/event-details/2f8f3c69522db931,13/7/2019,"Sacramento, California, USA"
UFC 239: Jones vs. Santos,http://ufcstats.com/event-details/6c9383ffab2725a5,6/7/2019,"Las Vegas, Nevada, USA"
UFC Fight Night: Ngannou vs. Dos Santos,http://ufcstats.com/event-details/c0c1bc0766df4c00,29/6/2019,"Minneapolis, Minnesota, USA"
UFC Fight Night: Moicano vs. The Korean Zombie,http://ufcstats.com/event-details/b16a7e6a627e9789,22/6/2019,"Greenville, South Carolina, USA"
UFC 238: Cejudo vs. Moraes,http://ufcstats.com/event-details/e31502e3f79d00c5,8/6/2019,"Chicago, Illinois, USA"
UFC Fight Night: Gustafsson vs. Smith,http://ufcstats.com/event-details/cbc071cb20ea59c7,1/6/2019,"Stockholm, Sweden"
UFC Fight Night: Dos Anjos vs. Lee,http://ufcstats.com/event-details/6b8f28da9a483049,18/5/2019,"Rochester, New York, USA"
UFC 237: Namajunas vs. Andrade,http://ufcstats.com/event-details/9de7c97e1c0d7927,11/5/2019,"Rio de Janeiro, Rio de Janeiro, Brazil"
UFC Fight Night: Iaquinta vs. Cowboy,http://ufcstats.com/event-details/351264d11286d09a,4/5/2019,"Ottawa, Ontario, Canada"
UFC Fight Night: Jacare vs. Hermansson,http://ufcstats.com/event-details/c912f676692c353a,27/4/2019,"Sunrise, Florida, USA"
UFC Fight Night: Overeem vs. Oleinik,http://ufcstats.com/event-details/7dcf06c1967801c1,20/4/2019,"Saint Petersburg, Saint Petersburg, Russia"
UFC 236: Holloway vs. Poirier 2,http://ufcstats.com/event-details/b0550072e5f0afa7,13/4/2019,"Atlanta, Georgia, USA"
UFC Fight Night: Barboza vs. Gaethje,http://ufcstats.com/event-details/9649d75defe0dedb,30/3/2019,"Philadelphia, Pennsylvania, USA"
UFC Fight Night: Thompson vs. Pettis,http://ufcstats.com/event-details/487c170da059857d,23/3/2019,"Nashville, Tennessee, USA"
UFC Fight Night: Till vs. Masvidal,http://ufcstats.com/event-details/80eacd4da0617c57,16/3/2019,"London, England, United Kingdom"
UFC Fight Night: Lewis vs. Dos Santos,http://ufcstats.com/event-details/e96d8538d3f9d0ed,9/3/2019,"Wichita, Kansas, USA"
UFC 235: Jones vs. Smith,http://ufcstats.com/event-details/2d5fbe2103f97053,2/3/2019,"Las Vegas, Nevada, USA"
UFC Fight Night: Blachowicz vs. Santos,http://ufcstats.com/event-details/6546af7ab545b90c,23/2/2019,"Prague, Czech Republic"
UFC Fight Night: Ngannou vs. Velasquez,http://ufcstats.com/event-details/a7a79b8efbceaaac,17/2/2019,"Phoenix, Arizona, USA"
UFC 234: Adesanya vs. Silva,http://ufcstats.com/event-details/b5882371e2a3900d,9/2/2019,"Melbourne, Victoria, Australia"
UFC Fight Night: Assuncao vs. Moraes 2,http://ufcstats.com/event-details/84283233ec42be5f,2/2/2019,"Fortaleza, Ceara, Brazil"
UFC Fight Night: Cejudo vs. Dillashaw,http://ufcstats.com/event-details/d4da8995fc91e7ef,19/1/2019,"Brooklyn, New York, USA"
UFC 232: Jones vs. Gustafsson 2,http://ufcstats.com/event-details/c046100aea0dba9a,29/12/2018,"Los Angeles, California, USA"
UFC Fight Night: Lee vs. Iaquinta,http://ufcstats.com/event-details/7a703c565ccaa18f,15/12/2018,"Milwaukee, Wisconsin, USA"
UFC 231: Holloway vs. Ortega,http://ufcstats.com/event-details/2a74bbba57058f12,8/12/2018,"Toronto, Ontario, Canada"
UFC Fight Night: Dos Santos vs. Tuivasa,http://ufcstats.com/event-details/d1d20e651e6cbc02,1/12/2018,"Adelaide, South Australia, Australia"
The Ultimate Fighter: Heavy Hitters Finale,http://ufcstats.com/event-details/c7ac79839e86ce33,30/11/2018,"Las Vegas, Nevada, USA"
UFC Fight Night: Blaydes vs. Ngannou 2,http://ufcstats.com/event-details/de25520d54eab12d,24/11/2018,"Beijing, China"
UFC Fight Night: Magny vs. Ponzinibbio,http://ufcstats.com/event-details/aa3153a9941b4d44,17/11/2018,"Buenos Aires, Buenos Aires, Argentina"
UFC Fight Night: Korean Zombie vs. Rodriguez,http://ufcstats.com/event-details/42c96a9c4802e2e1,10/11/2018,"Denver, Colorado, USA"
UFC 230: Cormier vs. Lewis,http://ufcstats.com/event-details/20821819c401ced8,3/11/2018,"New York City, New York, USA"
UFC Fight Night: Oezdemir vs. Smith,http://ufcstats.com/event-details/33a331684283900f,27/10/2018,"Moncton, New Brunswick, Canada"
UFC 229: Khabib vs. McGregor,http://ufcstats.com/event-details/1ef0eae31904e534,6/10/2018,"Las Vegas, Nevada, USA"
UFC Fight Night: Marreta vs. Anders,http://ufcstats.com/event-details/852454c572675334,22/9/2018,"Sao Paulo, Sao Paulo, Brazil"
UFC Fight Night: Hunt vs. Oleinik,http://ufcstats.com/event-details/8d49545dadf9b919,15/9/2018,"Moscow, Moscow, Russia"
UFC 228: Woodley vs. Till,http://ufcstats.com/event-details/d5ae8074631762fc,8/9/2018,"Dallas, Texas, USA"
UFC Fight Night: Gaethje vs. Vick,http://ufcstats.com/event-details/c0342805a1948cbb,25/8/2018,"Lincoln, Nebraska, USA"
UFC 227: Dillashaw vs. Garbrandt 2,http://ufcstats.com/event-details/03b1e846b09f721d,4/8/2018,"Los Angeles, California, USA"
UFC Fight Night: Alvarez vs. Poirier 2,http://ufcstats.com/event-details/322a56923b396b4d,28/7/2018,"Calgary, Alberta, Canada"
UFC Fight Night: Shogun vs. Smith,http://ufcstats.com/event-details/4f732e58ed907eff,22/7/2018,"Hamburg, Hamburg, Germany"
UFC Fight Night: Dos Santos vs. Ivanov,http://ufcstats.com/event-details/b45d6b73f4ca4467,14/7/2018,"Boise, Idaho, USA"
UFC 226: Miocic vs. Cormier,http://ufcstats.com/event-details/35585d970300d45a,7/7/2018,"Las Vegas, Nevada, USA"
The Ultimate Fighter: Undefeated Finale,http://ufcstats.com/event-details/8215e4fe24e8e81b,6/7/2018,"Las Vegas, Nevada, USA"
UFC Fight Night: Cowboy vs. Edwards,http://ufcstats.com/event-details/ac5f67109accb482,23/6/2018,"Kallang, Singapore"
UFC 225: Whittaker vs. Romero 2,http://ufcstats.com/event-details/2eae41f61776c60f,9/6/2018,"Chicago, Illinois, USA"
UFC Fight Night: Rivera vs. Moraes,http://ufcstats.com/event-details/d29b5c4f22c6357d,1/6/2018,"Utica, New York, USA"
UFC Fight Night: Thompson vs. Till,http://ufcstats.com/event-details/f5990c11974d8e9c,27/5/2018,"Liverpool, England, United Kingdom"
UFC Fight Night: Maia vs. Usman,http://ufcstats.com/event-details/3144121470023e9a,19/5/2018,"Santiago, Chile"
UFC 224: Nunes vs. Pennington,http://ufcstats.com/event-details/67ec58d7cf599835,12/5/2018,"Rio de Janeiro, Rio de Janeiro, Brazil"
UFC Fight Night: Barboza vs. Lee,http://ufcstats.com/event-details/ad99fa5325519169,21/4/2018,"Atlantic City, New Jersey, USA"
UFC Fight Night: Poirier vs. Gaethje,http://ufcstats.com/event-details/620be7e0712d431b,14/4/2018,"Glendale, Arizona, USA"
UFC 223: Khabib vs. Iaquinta,http://ufcstats.com/event-details/49e7e05f902479ca,7/4/2018,"Brooklyn, New York, USA"
UFC Fight Night: Werdum vs. Volkov,http://ufcstats.com/event-details/eed2b71d77d95416,17/3/2018,"London, England, United Kingdom"
UFC 222: Cyborg vs. Kunitskaya,http://ufcstats.com/event-details/7929be8290289a47,3/3/2018,"Las Vegas, Nevada, USA"
UFC Fight Night: Emmett vs. Stephens,http://ufcstats.com/event-details/daa89f01e1c0f42a,24/2/2018,"Orlando, Florida, USA"
UFC Fight Night: Cerrone vs. Medeiros,http://ufcstats.com/event-details/d181689653115b6a,18/2/2018,"Austin, Texas, USA"
UFC 221: Romero vs. Rockhold,http://ufcstats.com/event-details/15515e797aedc137,10/2/2018,"Perth, Western Australia, Australia"
UFC Fight Night: Machida vs. Anders,http://ufcstats.com/event-details/7cf20446453f852b,3/2/2018,"Belem, Para, Brazil"
UFC Fight Night: Jacare vs. Brunson 2,http://ufcstats.com/event-details/602bb270f2bdbf02,27/1/2018,"Charlotte, North Carolina, USA"
UFC 220: Miocic vs. Ngannou,http://ufcstats.com/event-details/02177caefe7c07d4,20/1/2018,"Boston, Massachusetts, USA"
UFC Fight Night: Stephens vs. Choi,http://ufcstats.com/event-details/fc1868f56d3036eb,14/1/2018,"St. Louis, Missouri, USA"
UFC 219: Cyborg vs. Holm,http://ufcstats.com/event-details/04076783ca83d6ae,30/12/2017,"Las Vegas, Nevada, USA"
UFC Fight Night: Lawler vs. Dos Anjos,http://ufcstats.com/event-details/eaa0a728cc91ef60,16/12/2017,"Winnipeg, Manitoba, Canada"
UFC Fight Night: Swanson vs. Ortega,http://ufcstats.com/event-details/bcd124bcd3d5be46,9/12/2017,"Fresno, California, USA"
UFC 218: Holloway vs. Aldo 2,http://ufcstats.com/event-details/9e30f69cc0869301,2/12/2017,"Detroit, Michigan, USA"
The Ultimate Fighter: A New World Champion Finale,http://ufcstats.com/event-details/30e8b4505f5ccf92,1/12/2017,"Las Vegas, Nevada, USA"
UFC Fight Night: Bisping vs. Gastelum,http://ufcstats.com/event-details/e7bc606d269896aa,25/11/2017,"Shanghai, Hebei, China"
UFC Fight Night: Werdum vs. Tybura,http://ufcstats.com/event-details/caced97768818230,18/11/2017,"Sydney, New South Wales, Australia"
UFC Fight Night: Poirier vs. Pettis,http://ufcstats.com/event-details/d856a0080ac09ed7,11/11/2017,"Norfolk, Virginia, USA"
UFC 217: Bisping vs. St-Pierre,http://ufcstats.com/event-details/a25b71fe5e31fa97,4/11/2017,"New York City, New York, USA"
UFC Fight Night: Brunson vs. Machida,http://ufcstats.com/event-details/a7724f51e32e763e,28/10/2017,"Sao Paulo, Sao Paulo, Brazil"
UFC Fight Night: Cerrone vs. Till,http://ufcstats.com/event-details/d6b68eaf4b68b160,21/10/2017,"Gdansk, Poland"
UFC 216: Ferguson vs. Lee,http://ufcstats.com/event-details/cc5834a495d1ea08,7/10/2017,"Las Vegas, Nevada, USA"
UFC Fight Night: Saint Preux vs. Okami,http://ufcstats.com/event-details/9211aae062b799d6,22/9/2017,"Saitama, Saitama, Japan"
UFC Fight Night: Rockhold vs. Branch,http://ufcstats.com/event-details/1979c80150f630c4,16/9/2017,"Pittsburgh, Pennsylvania, USA"
UFC 215: Nunes vs Shevchenko 2,http://ufcstats.com/event-details/d86e913c548c07c2,9/9/2017,"Edmonton, Alberta, Canada"
UFC Fight Night: Volkov vs. Struve,http://ufcstats.com/event-details/a3244e3238541482,2/9/2017,"Rotterdam, Zuid-Holland, Netherlands"
UFC Fight Night: Pettis vs. Moreno,http://ufcstats.com/event-details/f4a031ac205ac580,5/8/2017,"Mexico City, Distrito Federal, Mexico"
UFC 214: Cormier vs. Jones 2,http://ufcstats.com/event-details/ff9578cdbfabd323,29/7/2017,"Anaheim, California, USA"
UFC Fight Night: Weidman vs. Gastelum,http://ufcstats.com/event-details/9f3d6ddef3d3cccc,22/7/2017,"Uniondale, New York, USA"
UFC Fight Night: Nelson vs. Ponzinibbio,http://ufcstats.com/event-details/d7907a9a968e4d29,16/7/2017,"Glasgow, Scotland, United Kingdom"
UFC 213: Romero vs. Whittaker,http://ufcstats.com/event-details/686cccbf1a4de453,8/7/2017,"Las Vegas, Nevada, USA"
The Ultimate Fighter: Redemption Finale,http://ufcstats.com/event-details/23bd78c3f89bdb54,7/7/2017,"Las Vegas, Nevada, USA"
UFC Fight Night: Chiesa vs. Lee,http://ufcstats.com/event-details/99bf06f20491cb54,25/6/2017,"Oklahoma City, Oklahoma, USA"
UFC Fight Night: Holm vs. Correia,http://ufcstats.com/event-details/353de740bb6c7e75,17/6/2017,"Kallang, Singapore"
UFC Fight Night: Lewis vs. Hunt,http://ufcstats.com/event-details/90e7447d8b7f3f35,10/6/2017,"Auckland, New Zealand"
UFC 212: Aldo vs. Holloway,http://ufcstats.com/event-details/1507214bbc7a79e2,3/6/2017,"Rio de Janeiro, Rio de Janeiro, Brazil"
UFC Fight Night: Gustafsson vs. Teixeira,http://ufcstats.com/event-details/1c7cce2f5c17160d,28/5/2017,"Stockholm, Sweden"
UFC 211: Miocic vs. Dos Santos,http://ufcstats.com/event-details/5df10509264586e5,13/5/2017,"Dallas, Texas, USA"
UFC Fight Night: Swanson vs. Lobov,http://ufcstats.com/event-details/bc7f7f0ba3db74d2,22/4/2017,"Nashville, Tennessee, USA"
UFC on FOX: Johnson vs. Reis,http://ufcstats.com/event-details/ed069a95aaaf4f56,15/4/2017,"Kansas City, Missouri, USA"
UFC 210: Cormier vs. Johnson 2,http://ufcstats.com/event-details/e7bfdb5e0112891e,8/4/2017,"Buffalo, New York, USA"
UFC Fight Night: Manuwa vs. Anderson,http://ufcstats.com/event-details/c0231720fe516994,18/3/2017,"London, England, United Kingdom"
UFC Fight Night: Belfort vs. Gastelum,http://ufcstats.com/event-details/47b7e4e60813b7b2,11/3/2017,"Fortaleza, Ceara, Brazil"
UFC 209: Woodley vs. Thompson 2,http://ufcstats.com/event-details/20e403a1acfef130,4/3/2017,"Las Vegas, Nevada, USA"
UFC Fight Night: Lewis vs. Browne,http://ufcstats.com/event-details/b4ad3a06ee4d660c,19/2/2017,"Halifax, Nova Scotia, Canada"
UFC 208: Holm vs. De Randamie,http://ufcstats.com/event-details/865aa315ea62c511,11/2/2017,"Brooklyn, New York, USA"
UFC Fight Night: Bermudez vs. The Korean Zombie,http://ufcstats.com/event-details/6a8a06b542e1516d,4/2/2017,"Houston, Texas, USA"
UFC on FOX: Shevchenko vs. Pena,http://ufcstats.com/event-details/4512e46543b960ad,28/1/2017,"Denver, Colorado, USA"
UFC Fight Night: Rodriguez vs. Penn,http://ufcstats.com/event-details/46effbd1135423c5,15/1/2017,"Phoenix, Arizona, USA"
UFC 207: Nunes vs. Rousey,http://ufcstats.com/event-details/4b2390cfaceb91d8,30/12/2016,"Las Vegas, Nevada, USA"
UFC on FOX: VanZant vs. Waterson,http://ufcstats.com/event-details/32541eb5d12668b4,17/12/2016,"Sacramento, California, USA"
UFC 206: Holloway vs. Pettis,http://ufcstats.com/event-details/6e3282d57d2467a0,10/12/2016,"Toronto, Ontario, Canada"
UFC Fight Night: Lewis vs. Abdurakhimov,http://ufcstats.com/event-details/7139cd2ae4bf6a29,9/12/2016,"Albany, New York, USA"
The Ultimate Fighter: Tournament of Champions Finale,http://ufcstats.com/event-details/bd4389b71fdc0ce2,3/12/2016,"Las Vegas, Nevada, USA"
UFC Fight Night: Whittaker vs. Brunson,http://ufcstats.com/event-details/73e09f837f3b5ecc,26/11/2016,"Melbourne, Victoria, Australia"
UFC Fight Night: Bader vs. Nogueira,http://ufcstats.com/event-details/5cde96e0a1a1fffe,19/11/2016,"Sao Paulo, Sao Paulo, Brazil"
UFC Fight Night: Mousasi vs. Hall 2,http://ufcstats.com/event-details/6810d8d2dd557cf9,19/11/2016,"Belfast, Northern Ireland, United Kingdom"
UFC 205: Alvarez vs McGregor,http://ufcstats.com/event-details/4956f60b7fa57c1a,12/11/2016,"New York City, New York, USA"
UFC Fight Night: Dos Anjos vs. Ferguson,http://ufcstats.com/event-details/6083f497c22cc075,5/11/2016,"Mexico City, Distrito Federal, Mexico"
UFC 204: Bisping vs. Henderson,http://ufcstats.com/event-details/154a6b3ffae264cd,8/10/2016,"Manchester, England, United Kingdom"
UFC Fight Night: Lineker vs. Dodson,http://ufcstats.com/event-details/a196332ee4aa8a82,1/10/2016,"Portland, Oregon, USA"
UFC Fight Night: Cyborg vs. Lansberg,http://ufcstats.com/event-details/e18012194473e8b0,24/9/2016,"Brasilia, Distrito Federal, Brazil"
UFC Fight Night: Poirier vs. Johnson,http://ufcstats.com/event-details/d6455cb4bee503ce,17/9/2016,"Hidalgo, Texas, USA"
UFC 203: Miocic vs. Overeem,http://ufcstats.com/event-details/2dc7f1762dc0a7ef,10/9/2016,"Cleveland, Ohio, USA"
UFC Fight Night: Arlovski vs. Barnett,http://ufcstats.com/event-details/2b4faacc16d66898,3/9/2016,"Hamburg, Hamburg, Germany"
UFC on FOX: Maia vs. Condit,http://ufcstats.com/event-details/cfbccfed4e4796fe,27/8/2016,"Vancouver, British Columbia, Canada"
UFC 202: Diaz vs. McGregor 2,http://ufcstats.com/event-details/5da4e8dc02e50ac0,20/8/2016,"Las Vegas, Nevada, USA"
UFC Fight Night: Rodriguez vs. Caceres,http://ufcstats.com/event-details/232c582f29f8f65e,6/8/2016,"Salt Lake City, Utah, USA"
UFC 201: Lawler vs. Woodley,http://ufcstats.com/event-details/72cbe507644a587c,30/7/2016,"Atlanta, Georgia, USA"
UFC on FOX: Holm vs. Shevchenko,http://ufcstats.com/event-details/8a028648f3f0761d,23/7/2016,"Chicago, Illinois, USA"
UFC Fight Night: McDonald vs. Lineker,http://ufcstats.com/event-details/5e7a28f20927d64a,13/7/2016,"Sioux Falls, South Dakota, USA"
UFC 200: Tate vs Nunes,http://ufcstats.com/event-details/aa5b4eff51bdc7d1,9/7/2016,"Las Vegas, Nevada, USA"
The Ultimate Fighter: Team Joanna vs. Team Cláudia Finale,http://ufcstats.com/event-details/cd42bbe8887bba90,8/7/2016,"Las Vegas, Nevada, USA"
UFC Fight Night: Dos Anjos vs. Alvarez,http://ufcstats.com/event-details/45a2ba3ef82b9700,7/7/2016,"Las Vegas, Nevada, USA"
UFC Fight Night: MacDonald vs Thompson,http://ufcstats.com/event-details/563d051c9e769b24,18/6/2016,"Ottawa, Ontario, Canada"
UFC 199: Rockhold vs. Bisping 2,http://ufcstats.com/event-details/ff4c3ab594c7fac3,4/6/2016,"Los Angeles, California, USA"
UFC Fight Night: Almeida vs Garbrandt,http://ufcstats.com/event-details/990060b2a68a7b82,29/5/2016,"Las Vegas, Nevada, USA"
UFC 198: Werdum vs Miocic,http://ufcstats.com/event-details/a4bf17bd3ba3423b,14/5/2016,"Curitiba, Parana, Brazil"
UFC Fight Night: Overeem vs Arlovski,http://ufcstats.com/event-details/a314687f372b2cec,8/5/2016,"Rotterdam, Zuid-Holland, Netherlands"
UFC 197: Jones vs Saint Preux,http://ufcstats.com/event-details/3d481aa374c954a1,23/4/2016,"Las Vegas, Nevada, USA"
UFC on FOX: Teixeira vs Evans,http://ufcstats.com/event-details/e7e970d508529bf3,16/4/2016,"Tampa, Florida, USA"
UFC Fight Night: Rothwell vs Dos Santos,http://ufcstats.com/event-details/4887e5bc4dbb73ff,10/4/2016,"Zagreb, Croatia"
UFC Fight Night: Hunt vs Mir,http://ufcstats.com/event-details/e60201cfab7d656d,19/3/2016,"Brisbane, Queensland, Australia"
UFC 196: McGregor vs Diaz,http://ufcstats.com/event-details/db1f2ed63b54b9a7,5/3/2016,"Las Vegas, Nevada, USA"
UFC Fight Night: Silva vs Bisping,http://ufcstats.com/event-details/39c568f8c579913e,27/2/2016,"London, England, United Kingdom"
UFC Fight Night: Cowboy vs Cowboy,http://ufcstats.com/event-details/d56bb6dff2ae77eb,21/2/2016,"Pittsburgh, Pennsylvania, USA"
UFC Fight Night: Hendricks vs Thompson,http://ufcstats.com/event-details/de99da2c0d18d34a,6/2/2016,"Las Vegas, Nevada, USA"
UFC on FOX: Johnson vs. Bader,http://ufcstats.com/event-details/b3fb8d2293e17a59,30/1/2016,"Newark, New Jersey, USA"
UFC Fight Night: Dillashaw vs Cruz,http://ufcstats.com/event-details/c6becb722706c7d8,17/1/2016,"Boston, Massachusetts, USA"
UFC 195: Lawler vs Condit,http://ufcstats.com/event-details/380e8b023290d091,2/1/2016,"Las Vegas, Nevada, USA"
UFC on FOX: Dos Anjos vs. Cowboy 2,http://ufcstats.com/event-details/80d918336163b80c,19/12/2015,"Orlando, Florida, USA"
UFC 194: Aldo vs McGregor,http://ufcstats.com/event-details/354808cf38d9d73c,12/12/2015,"Las Vegas, Nevada, USA"
The Ultimate Fighter: Team McGregor vs. Team Faber Finale,http://ufcstats.com/event-details/20fbff570c678e1c,11/12/2015,"Las Vegas, Nevada, USA"
UFC Fight Night: Namajunas vs. VanZant,http://ufcstats.com/event-details/dd39f1ca787a3d9d,10/12/2015,"Las Vegas, Nevada, USA"
UFC Fight Night: Henderson vs Masvidal,http://ufcstats.com/event-details/4d636c3aa1105950,28/11/2015,"Seoul, South Korea"
UFC Fight Night: Magny vs Gastelum,http://ufcstats.com/event-details/243b07fc65ccbb16,21/11/2015,"Monterrey, Nuevo Leon, Mexico"
UFC 193: Rousey vs Holm,http://ufcstats.com/event-details/8d04923f2db59b7f,14/11/2015,"Melbourne, Victoria, Australia"
UFC Fight Night: Belfort vs Henderson 3,http://ufcstats.com/event-details/5345f86680378fc1,7/11/2015,"Sao Paulo, Sao Paulo, Brazil"
UFC Fight Night: Holohan vs Smolka,http://ufcstats.com/event-details/f3155a94ca420126,24/10/2015,"Dublin, Leinster, Ireland"
UFC 192: Cormier vs Gustafsson,http://ufcstats.com/event-details/119ebea97e914dcf,3/10/2015,"Houston, Texas, USA"
UFC Fight Night: Barnett vs Nelson,http://ufcstats.com/event-details/a4dd5c9a75763295,26/9/2015,"Saitama, Japan"
UFC 191: Johnson vs Dodson 2,http://ufcstats.com/event-details/82f5c81f4e3c3eb5,5/9/2015,"Las Vegas, Nevada, USA"
UFC Fight Night: Holloway vs Oliveira,http://ufcstats.com/event-details/2ce6541127b0e232,23/8/2015,"Saskatoon, Saskatchewan, Canada"
UFC Fight Night: Teixeira vs Saint Preux,http://ufcstats.com/event-details/b71667c778b6d9e5,8/8/2015,"Nashville, Tennessee, USA"
UFC 190: Rousey vs Correia,http://ufcstats.com/event-details/a9c45a8b21eabadc,1/8/2015,"Rio de Janeiro, Rio de Janeiro, Brazil"
UFC on FOX: Dillashaw vs. Barao II,http://ufcstats.com/event-details/0c3838c8f7c620c2,25/7/2015,"Chicago, Illinois, USA"
UFC Fight Night: Bisping vs Leites,http://ufcstats.com/event-details/ef7fa30364cbe7f2,18/7/2015,"Glasgow, Scotland, United Kingdom"
UFC Fight Night: Mir vs Duffee,http://ufcstats.com/event-details/36877f0e62b25b96,15/7/2015,"San Diego, California, USA"
The Ultimate Fighter: American Top Team vs. Blackzilians Finale,http://ufcstats.com/event-details/a890f9a791ed615d,12/7/2015,"Las Vegas, Nevada, USA"
UFC 189: Mendes vs McGregor,http://ufcstats.com/event-details/3be081c29bf734d9,11/7/2015,"Las Vegas, Nevada, USA"
UFC Fight Night: Machida vs Romero,http://ufcstats.com/event-details/86e388ed20761ad9,27/6/2015,"Hollywood, Florida, USA"
UFC Fight Night: Jedrzejczyk vs Penne,http://ufcstats.com/event-details/194fc025f9355db6,20/6/2015,"Berlin, Berlin, Germany"
UFC 188: Velasquez vs Werdum,http://ufcstats.com/event-details/a58114c6dd0add64,13/6/2015,"Mexico City, Distrito Federal, Mexico"
UFC Fight Night: Boetsch vs Henderson,http://ufcstats.com/event-details/06dc1a58663579d2,6/6/2015,"New Orleans, Louisiana, USA"
UFC Fight Night: Condit vs Alves,http://ufcstats.com/event-details/aae0897825336b1a,30/5/2015,"Goiania, Goias, Brazil"
UFC 187: Johnson vs Cormier,http://ufcstats.com/event-details/4f7e290e71d60f87,23/5/2015,"Las Vegas, Nevada, USA"
UFC Fight Night: Edgar vs Faber,http://ufcstats.com/event-details/b1605ea39fba6af6,16/5/2015,"Manila, Philippines"
UFC Fight Night: Miocic vs Hunt,http://ufcstats.com/event-details/8a1b4330c7957961,9/5/2015,"Adelaide, South Australia, Australia"
UFC 186: Johnson vs Horiguchi,http://ufcstats.com/event-details/997b4f52f76a0b53,25/4/2015,"Montreal, Quebec, Canada"
UFC on FOX: Machida vs Rockhold,http://ufcstats.com/event-details/bc7cf284c1c2f16e,18/4/2015,"Newark, New Jersey, USA"
UFC Fight Night: Gonzaga vs Cro Cop 2,http://ufcstats.com/event-details/5de61b03868035ff,11/4/2015,"Krakow, Poland"
UFC Fight Night: Mendes vs Lamas,http://ufcstats.com/event-details/16d09e800ad7ec79,4/4/2015,"Fairfax, Virginia, USA"
UFC Fight Night: Maia vs LaFlare,http://ufcstats.com/event-details/fa534853eb195270,21/3/2015,"Rio de Janeiro, Brazil"
UFC 185: Pettis vs Dos Anjos,http://ufcstats.com/event-details/f54200f1dfb9b5d4,14/3/2015,"Dallas, Texas, USA"
UFC 184: Rousey vs Zingano,http://ufcstats.com/event-details/ad4e9055bf8cd04d,28/2/2015,"Los Angeles, California, USA"
UFC Fight Night: Bigfoot vs Mir,http://ufcstats.com/event-details/0577808d22dfe79c,22/2/2015,"Porto Alegre, Rio Grande do Sul, Brazil"
UFC Fight Night: Henderson vs Thatch,http://ufcstats.com/event-details/f9c7fe2682af3802,14/2/2015,"Broomfield, Colorado, USA"
UFC 183: Silva vs Diaz,http://ufcstats.com/event-details/43563a32c3f10e95,31/1/2015,"Las Vegas, Nevada, USA"
UFC on FOX: Gustafsson vs Johnson,http://ufcstats.com/event-details/706404da0775dcbc,24/1/2015,"Stockholm, Sweden"
UFC Fight Night: McGregor vs Siver,http://ufcstats.com/event-details/f9aa6376ae16bfb4,18/1/2015,"Boston, Massachusetts, USA"
UFC 182: Jones vs Cormier,http://ufcstats.com/event-details/a72d260b436924c4,3/1/2015,"Las Vegas, Nevada, USA"
UFC Fight Night: Machida vs Dollaway,http://ufcstats.com/event-details/4e5bbc4566049cbf,20/12/2014,"Barueri, Sao Paulo, Brazil"
UFC on FOX: Dos Santos vs Miocic,http://ufcstats.com/event-details/d4a12dfa4067742f,13/12/2014,"Phoenix, Arizona, USA"
The Ultimate Fighter: A Champion Will Be Crowned Finale,http://ufcstats.com/event-details/222d6b547de2e035,12/12/2014,"Las Vegas, Nevada, USA"
UFC 181: Hendricks vs Lawler II,http://ufcstats.com/event-details/dfdd0c5dd0d4bc23,6/12/2014,"Las Vegas, Nevada, USA"
UFC Fight Night: Edgar vs Swanson,http://ufcstats.com/event-details/155a02a8b4311057,22/11/2014,"Austin, Texas, USA"
UFC 180: Werdum vs Hunt,http://ufcstats.com/event-details/59851163aaf1aed8,15/11/2014,"Mexico City, Distrito Federal, Mexico"
UFC Fight Night 56: Shogun vs Saint Preux,http://ufcstats.com/event-details/6ca68b636fbc1f18,8/11/2014,"Uberlandia, Minas Gerais, Brazil"
UFC Fight Night: Rockhold vs Bisping,http://ufcstats.com/event-details/371a1c91b24dec2b,7/11/2014,"Sydney, New South Wales, Australia"
UFC 179: Aldo vs Mendes 2,http://ufcstats.com/event-details/53f02bbc41d99432,25/10/2014,"Rio de Janeiro, Brazil"
UFC Fight Night: MacDonald vs Saffiedine,http://ufcstats.com/event-details/0313bf497de9c470,4/10/2014,"Halifax, Nova Scotia, Canada"
UFC Fight Night: Nelson vs Story,http://ufcstats.com/event-details/8dc4f34c1f50d00d,4/10/2014,"Stockholm, Sweden"
UFC 178: Johnson vs Cariaso,http://ufcstats.com/event-details/3bb030257966b022,27/9/2014,"Las Vegas, Nevada, USA"
UFC Fight Night: Hunt vs Nelson,http://ufcstats.com/event-details/2dea80c069847321,20/9/2014,"Saitama, Japan"
UFC Fight Night: Bigfoot vs Arlovski,http://ufcstats.com/event-details/a71feb7ea7592a71,13/9/2014,"Brasilia, Distrito Federal, Brazil"
UFC Fight Night: Jacare vs Mousasi,http://ufcstats.com/event-details/9bcfb40dbcd50568,5/9/2014,"Ledyard, Connecticut, USA"
UFC 177: Dillashaw vs Soto,http://ufcstats.com/event-details/269d103c96a4c3a5,30/8/2014,"Sacramento, California, USA"
UFC Fight Night: Henderson vs Dos Anjos,http://ufcstats.com/event-details/063649e21bc9d6d5,23/8/2014,"Tulsa, Oklahoma, USA"
UFC Fight Night: Bisping vs Le,http://ufcstats.com/event-details/770b9d4813c25902,23/8/2014,"Macau, China"
UFC Fight Night: Bader vs Saint Preux,http://ufcstats.com/event-details/fd7acf42bd6e7e95,16/8/2014,"Bangor, Maine, USA"
UFC on FOX: Lawler vs Brown,http://ufcstats.com/event-details/05fbfe628658c538,26/7/2014,"San Jose, California, USA"
UFC Fight Night: McGregor vs Brandao,http://ufcstats.com/event-details/073eee4e62f0d988,19/7/2014,"Dublin, Leinster, Ireland"
UFC Fight Night: Cowboy vs Miller,http://ufcstats.com/event-details/79ded75550efc139,16/7/2014,"Atlantic City, New Jersey, USA"
The Ultimate Fighter: Team Edgar vs. Team Penn Finale,http://ufcstats.com/event-details/1c5879330d42255f,6/7/2014,"Las Vegas, Nevada, USA"
UFC 175: Weidman vs Machida,http://ufcstats.com/event-details/53adf5b845d91e4a,5/7/2014,"Las Vegas, Nevada, USA"
UFC Fight Night: Swanson vs Stephens,http://ufcstats.com/event-details/c0ed7b208197e8de,28/6/2014,"San Antonio, Texas, USA"
UFC Fight Night: Te Huna vs Marquardt,http://ufcstats.com/event-details/ac9521250dc1a14c,28/6/2014,"Auckland, New Zealand"
UFC 174: Johnson vs Bagautinov,http://ufcstats.com/event-details/5b5307450405abf0,14/6/2014,"Vancouver, British Columbia, Canada"
UFC Fight Night: Henderson vs Khabilov,http://ufcstats.com/event-details/1fcfc3709fe58151,7/6/2014,"Albuquerque, New Mexico, USA"
UFC Fight Night: Miocic vs Maldonado,http://ufcstats.com/event-details/59aaf2730b84698a,31/5/2014,"Sao Paulo, Brazil"
UFC Fight Night: Munoz vs Mousasi,http://ufcstats.com/event-details/b757c73f443d4fca,31/5/2014,"Berlin, Germany"
UFC 173: Barao vs Dillashaw,http://ufcstats.com/event-details/9ca265dfe8323db3,24/5/2014,"Las Vegas, Nevada, USA"
UFC Fight Night: Brown vs Silva,http://ufcstats.com/event-details/579fcdfcabd23a7b,10/5/2014,"Cincinnati, Ohio, USA"
UFC 172: Jones vs Teixeira,http://ufcstats.com/event-details/4f2fcbefb668689d,26/4/2014,"Baltimore, Maryland, USA"
UFC on FOX: Werdum vs Browne,http://ufcstats.com/event-details/a421465acbe59c77,19/4/2014,"Orlando, Florida, USA"
UFC Fight Night: Bisping vs Kennedy,http://ufcstats.com/event-details/f9f07bb5a43535ed,16/4/2014,"Quebec City, Quebec, Canada"
UFC Fight Night: Minotauro vs Nelson,http://ufcstats.com/event-details/d632d156c0549e07,11/4/2014,"Abu Dhabi, United Arab Emirates"
UFC Fight Night: Shogun vs Henderson 2,http://ufcstats.com/event-details/d5f820c11a121050,23/3/2014,"Natal, Rio Grande do Norte, Brazil"
UFC 171: Hendricks vs Lawler,http://ufcstats.com/event-details/179f1948dc234f1f,15/3/2014,"Dallas, Texas, USA"
UFC Fight Night: Gustafsson vs Manuwa,http://ufcstats.com/event-details/ebc1f40e00e0c481,8/3/2014,"London, England, United Kingdom"
UFC Fight Night: Kim vs Hathaway,http://ufcstats.com/event-details/a26198ba5093147e,1/3/2014,"Macau, China"
UFC 170: Rousey vs McMann,http://ufcstats.com/event-details/3138fab619faf4d1,22/2/2014,"Las Vegas, Nevada, USA"
UFC Fight Night: Machida vs Mousasi,http://ufcstats.com/event-details/51b0bb73a1da34bc,15/2/2014,"Jaragua do Sul, Santa Catarina, Brazil"
UFC 169: Barao vs Faber 2,http://ufcstats.com/event-details/fc31f896cde2bc2e,1/2/2014,"Newark, New Jersey, USA"
UFC on FOX: Henderson vs Thomson,http://ufcstats.com/event-details/a8d521d913df4e31,25/1/2014,"Chicago, Illinois, USA"
UFC Fight Night: Rockhold vs Philippou,http://ufcstats.com/event-details/30a09e43f15f1d75,15/1/2014,"Duluth, Georgia, USA"
UFC Fight Night: Saffiedine vs Lim,http://ufcstats.com/event-details/e5c9de15bb58b1c6,4/1/2014,"Singapore, Singapore"
UFC 168: Weidman vs Silva 2,http://ufcstats.com/event-details/83d0de122f2f9664,28/12/2013,"Las Vegas, Nevada, USA"
UFC on FOX: Johnson vs. Benavidez 2,http://ufcstats.com/event-details/480b702debcb5433,14/12/2013,"Sacramento, California, USA"
UFC Fight Night: Hunt vs Bigfoot,http://ufcstats.com/event-details/ee457ef1e1c326c1,6/12/2013,"Brisbane, Queensland, Australia"
The Ultimate Fighter: Team Rousey vs. Team Tate Finale,http://ufcstats.com/event-details/9a967e8e43dcef63,30/11/2013,"Las Vegas, Nevada, USA"
UFC 167: St-Pierre vs Hendricks,http://ufcstats.com/event-details/28f3c2258a1d8874,16/11/2013,"Las Vegas, Nevada, USA"
UFC Fight Night: Belfort vs Henderson 2,http://ufcstats.com/event-details/5d7c18191b8aa432,9/11/2013,"Goiania, Goias, Brazil"
UFC Fight Night: Fight for the Troops 3,http://ufcstats.com/event-details/35dc6220b113b7ec,6/11/2013,"Fort Campbell, Kentucky, USA"
UFC Fight Night: Machida vs Munoz,http://ufcstats.com/event-details/60884f31ead1609c,26/10/2013,"Manchester, England, United Kingdom"
UFC 166: Velasquez vs Dos Santos 3,http://ufcstats.com/event-details/eae4aec1a5a8ff01,19/10/2013,"Houston, Texas, USA"
UFC Fight Night: Maia vs Shields,http://ufcstats.com/event-details/43612456979e5d5e,9/10/2013,"Barueri, Sao Paulo, Brazil"
UFC 165: Jones vs Gustafsson,http://ufcstats.com/event-details/df5a77121ba84a5d,21/9/2013,"Toronto, Ontario, Canada"
UFC Fight Night: Teixeira vs Bader,http://ufcstats.com/event-details/b23fca14c7b79935,4/9/2013,"Belo Horizonte, Minas Gerais, Brazil"
UFC 164: Henderson vs Pettis 2,http://ufcstats.com/event-details/980b4e712489098e,31/8/2013,"Milwaukee, Wisconsin, USA"
UFC Fight Night: Condit vs Kampmann 2,http://ufcstats.com/event-details/e5c38954c006f15c,28/8/2013,"Indianapolis, Indiana, USA"
UFC Fight Night: Shogun vs Sonnen,http://ufcstats.com/event-details/cf1a88371c8cb690,17/8/2013,"Boston, Massachusetts, USA"
UFC 163: Aldo vs Jung,http://ufcstats.com/event-details/ebc5af72ad5a28cb,3/8/2013,"Rio de Janeiro, Brazil"
UFC on FOX: Johnson vs Moraga,http://ufcstats.com/event-details/5330fe7e4c3af81c,27/7/2013,"Seattle, Washington, USA"
UFC 162: Silva vs Weidman,http://ufcstats.com/event-details/e0b74df14f52cd15,6/7/2013,"Las Vegas, Nevada, USA"
UFC 161: Evans vs Henderson,http://ufcstats.com/event-details/8fd1f27e86661ede,15/6/2013,"Winnipeg, Manitoba, Canada"
UFC on FUEL TV: Nogueira vs. Werdum,http://ufcstats.com/event-details/7865707fd684d77b,8/6/2013,"Fortaleza, Ceara, Brazil"
UFC 160: Velasquez vs Silva 2,http://ufcstats.com/event-details/3c241737a6069b9f,25/5/2013,"Las Vegas, Nevada, USA"
UFC on FX: Belfort vs. Rockhold,http://ufcstats.com/event-details/030f08370fd1c2bb,18/5/2013,"Jaragua do Sul, Santa Catarina, Brazil"
UFC 159: Jones vs Sonnen,http://ufcstats.com/event-details/ea0ad155451ed1f5,27/4/2013,"Newark, New Jersey, USA"
UFC on FOX: Henderson vs Melendez,http://ufcstats.com/event-details/aa79d5399571068e,20/4/2013,"San Jose, California, USA"
The Ultimate Fighter: Team Jones vs. Team Sonnen Finale,http://ufcstats.com/event-details/ce47f49e5c386a9c,13/4/2013,"Las Vegas, Nevada, USA"
UFC on FUEL TV: Mousasi vs Latifi,http://ufcstats.com/event-details/6291ac0a3726732f,6/4/2013,"Stockholm, Sweden"
UFC 158: St-Pierre vs Diaz,http://ufcstats.com/event-details/f1b2a4365799c48b,16/3/2013,"Montreal, Quebec, Canada"
UFC on FUEL TV: Silva vs. Stann,http://ufcstats.com/event-details/83c6c3e0f8bde8ee,2/3/2013,"Saitama, Japan"
UFC 157: Rousey vs Carmouche,http://ufcstats.com/event-details/09c44b317c98bf96,23/2/2013,"Anaheim, California, USA"
UFC on FUEL TV: Barao vs McDonald,http://ufcstats.com/event-details/4679a38cced7c64a,16/2/2013,"London, England, United Kingdom"
UFC 156: Aldo vs Edgar,http://ufcstats.com/event-details/601cf40c09090853,2/2/2013,"Las Vegas, Nevada, USA"
UFC on FOX: Johnson vs Dodson,http://ufcstats.com/event-details/738acab0c6934dd8,26/1/2013,"Chicago, Illinois, USA"
UFC on FX: Belfort vs Bisping,http://ufcstats.com/event-details/56f4b81ec4db61af,19/1/2013,"Sao Paulo, Brazil"
UFC 155: Dos Santos vs Velasquez II,http://ufcstats.com/event-details/c6e6926a81adcd00,29/12/2012,"Las Vegas, Nevada, USA"
The Ultimate Fighter: Team Carwin vs. Team Nelson Finale,http://ufcstats.com/event-details/c6da1c24fe473418,15/12/2012,"Las Vegas, Nevada, USA"
UFC on FX: Sotiropoulos vs Pearson,http://ufcstats.com/event-details/e8c170a64dc920ac,14/12/2012,"Gold Coast, Queensland, Australia"
UFC on FOX: Henderson vs Diaz,http://ufcstats.com/event-details/d1e6a6536ee62517,8/12/2012,"Seattle, Washington, USA"
UFC 154: St-Pierre vs Condit,http://ufcstats.com/event-details/d41937647eae9a34,17/11/2012,"Montreal, Quebec, Canada"
UFC Macao: Franklin vs Le,http://ufcstats.com/event-details/319fa1bd3176bded,10/11/2012,"Macau, China"
UFC 153: Silva vs Bonnar,http://ufcstats.com/event-details/96d173b7f92aa520,13/10/2012,"Rio de Janeiro, Brazil"
UFC on FX: Browne vs Bigfoot,http://ufcstats.com/event-details/6a0b80a24f22e152,5/10/2012,"Minneapolis, Minnesota, USA"
UFC on FUEL TV: Struve vs Miocic,http://ufcstats.com/event-details/6cbb7661c3258617,29/9/2012,"Nottingham, England, United Kingdom"
UFC 152: Jones vs Belfort,http://ufcstats.com/event-details/53e533db1b8e9712,22/9/2012,"Toronto, Ontario, Canada"
UFC 150: Henderson vs Edgar II,http://ufcstats.com/event-details/3c48019bc387b80c,11/8/2012,"Denver, Colorado, USA"
UFC on FOX: Shogun vs Vera,http://ufcstats.com/event-details/f62850b3c7480db9,4/8/2012,"Los Angeles, California, USA"
UFC 149: Faber vs Barao,http://ufcstats.com/event-details/abbc4fc02e0d84b3,21/7/2012,"Calgary, Alberta, Canada"
UFC on FUEL TV: Munoz vs Weidman,http://ufcstats.com/event-details/d3b5ad3b15a64a18,11/7/2012,"San Jose, California, USA"
UFC 148: Silva vs Sonnen 2,http://ufcstats.com/event-details/e8efeb9cf33b1941,7/7/2012,"Las Vegas, Nevada, USA"
UFC 147: Silva vs Franklin 2,http://ufcstats.com/event-details/3da19339ee7051d5,23/6/2012,"Belo Horizonte, Minas Gerais, Brazil"
UFC on FX: Maynard vs Guida,http://ufcstats.com/event-details/505934897b8b4824,22/6/2012,"Atlantic City, New Jersey, USA"
UFC on FX: Johnson vs McCall,http://ufcstats.com/event-details/49590e0508b2c19f,8/6/2012,"Sunrise, Florida, USA"
The Ultimate Fighter: Live Finale,http://ufcstats.com/event-details/96087e90d900f0ef,1/6/2012,"Las Vegas, Nevada, USA"
UFC 146: Dos Santos vs Mir,http://ufcstats.com/event-details/4985113c0928aa62,26/5/2012,"Las Vegas, Nevada, USA"
UFC on FUEL TV: Korean Zombie vs Poirier,http://ufcstats.com/event-details/8caca5857ce0e30b,15/5/2012,"Fairfax, Virginia, USA"
UFC on FOX: Diaz vs Miller,http://ufcstats.com/event-details/5898357a45a73674,5/5/2012,"East Rutherford, New Jersey, USA"
UFC 145: Jones vs Evans,http://ufcstats.com/event-details/155bfc7ed36622df,21/4/2012,"Atlanta, Georgia, USA"
UFC on FUEL TV: Gustafsson vs Silva,http://ufcstats.com/event-details/21f2974fd08085e3,14/4/2012,"Stockholm, Sweden"
UFC on FX: Alves vs Kampmann,http://ufcstats.com/event-details/b5ea750025697880,2/3/2012,"Sydney, New South Wales, Australia"
UFC 144: Edgar vs Henderson,http://ufcstats.com/event-details/8377c5572cb356f3,25/2/2012,"Saitama, Japan"
UFC on FUEL TV: Sanchez vs Ellenberger,http://ufcstats.com/event-details/0a97691039c4bbfb,15/2/2012,"Omaha, Nebraska, USA"
UFC 143: Diaz vs Condit,http://ufcstats.com/event-details/df2cf66d8c0123db,4/2/2012,"Las Vegas, Nevada, USA"
UFC on FOX: Evans vs Davis,http://ufcstats.com/event-details/c3c23c99477c041b,28/1/2012,"Chicago, Illinois, USA"
UFC on FX: Guillard vs Miller,http://ufcstats.com/event-details/4d74641fac830182,20/1/2012,"Nashville, Tennessee, USA"
UFC 142: Aldo vs Mendes,http://ufcstats.com/event-details/18524b46c570730b,14/1/2012,"Rio de Janeiro, Brazil"
UFC 141: Lesnar vs Overeem,http://ufcstats.com/event-details/91720876db0ee468,30/12/2011,"Las Vegas, Nevada, USA"
UFC 140: Jones vs Machida,http://ufcstats.com/event-details/6d7886b094b471ac,10/12/2011,"Toronto, Ontario, Canada"
The Ultimate Fighter: Team Bisping vs Team Miller Finale,http://ufcstats.com/event-details/1f5f75658551f2d3,3/12/2011,"Las Vegas, Nevada, USA"
UFC 139: Shogun vs Henderson,http://ufcstats.com/event-details/0ec821423baa26bd,19/11/2011,"San Jose, California, USA"
UFC on FOX: Velasquez vs Dos Santos,http://ufcstats.com/event-details/1c061eb6e29eaa0a,12/11/2011,"Anaheim, California, USA"
UFC 138: Leben vs Munoz,http://ufcstats.com/event-details/e780ccc79a209985,5/11/2011,"Birmingham, England, United Kingdom"
UFC 137: Penn vs Diaz,http://ufcstats.com/event-details/8788beb528894f33,29/10/2011,"Las Vegas, Nevada, USA"
UFC 136: Edgar vs Maynard 3,http://ufcstats.com/event-details/7d5b12de1625984e,8/10/2011,"Houston, Texas, USA"
UFC Live: Cruz vs Johnson,http://ufcstats.com/event-details/44f9c777fed7ca03,1/10/2011,"Washington, DC, USA"
UFC 135: Jones vs Rampage,http://ufcstats.com/event-details/73ef22f25d0f70e2,24/9/2011,"Denver, Colorado, USA"
UFC Fight Night: Shields vs Ellenberger,http://ufcstats.com/event-details/1ffc38f67785797b,17/9/2011,"New Orleans, Louisiana, USA"
UFC 134: Silva vs Okami,http://ufcstats.com/event-details/18968f97ad34f15c,27/8/2011,"Rio de Janeiro, Brazil"
UFC Live: Hardy vs Lytle,http://ufcstats.com/event-details/4c8d6fde2dde07c4,14/8/2011,"Milwaukee, Wisconsin, USA"
UFC 133: Evans vs Ortiz 2,http://ufcstats.com/event-details/f1f9e48a0d150757,6/8/2011,"Philadelphia, Pennsylvania, USA"
UFC 132: Cruz vs Faber,http://ufcstats.com/event-details/83fd97284f4bb4a4,2/7/2011,"Las Vegas, Nevada, USA"
UFC Live: Kongo vs Barry,http://ufcstats.com/event-details/d023ae89a2a4a41e,26/6/2011,"Pittsburgh, Pennsylvania, USA"
UFC 131: Dos Santos vs Carwin,http://ufcstats.com/event-details/aac5ac38148f0528,11/6/2011,"Vancouver, British Columbia, Canada"
The Ultimate Fighter: Team Lesnar vs Team dos Santos Finale,http://ufcstats.com/event-details/3ba3b5cc94498437,4/6/2011,"Las Vegas, Nevada, USA"
UFC 130: Rampage vs Hamill,http://ufcstats.com/event-details/b732b326c362fb62,28/5/2011,"Las Vegas, Nevada, USA"
UFC 129: St-Pierre vs Shields,http://ufcstats.com/event-details/2db7fa8db6bc9632,30/4/2011,"Toronto, Ontario, Canada"
UFC Fight Night: Nogueira vs Davis,http://ufcstats.com/event-details/8a59d346dc976a10,26/3/2011,"Seattle, Washington, USA"
UFC 128: Shogun vs Jones,http://ufcstats.com/event-details/1411c630ba711b64,19/3/2011,"Newark, New Jersey, USA"
UFC Live: Sanchez vs Kampmann,http://ufcstats.com/event-details/a54fc2d6fc224dc3,3/3/2011,"Louisville, Kentucky, USA"
UFC 127: Penn vs Fitch,http://ufcstats.com/event-details/88a9bc81271ccd89,26/2/2011,"Sydney, New South Wales, Australia"
UFC 126: Silva vs Belfort,http://ufcstats.com/event-details/65ddc8a9ac4e8531,5/2/2011,"Las Vegas, Nevada, USA"
UFC Fight Night: Fight for the Troops 2,http://ufcstats.com/event-details/282fa667ff9c51ed,22/1/2011,"Killeen, Texas, USA"
UFC 125: Resolution,http://ufcstats.com/event-details/d1152823307d7e7c,1/1/2011,"Las Vegas, Nevada, USA"
UFC 124: St-Pierre vs Koscheck 2,http://ufcstats.com/event-details/132f860d02953f4c,11/12/2010,"Montreal, Quebec, Canada"
The Ultimate Fighter: Team GSP vs Team Koscheck Finale,http://ufcstats.com/event-details/5d7bdab5e03e3216,4/12/2010,"Las Vegas, Nevada, USA"
UFC 123: Rampage vs Machida,http://ufcstats.com/event-details/dd992d569aaebee6,20/11/2010,"Auburn Hills, Michigan, USA"
UFC 122: Marquardt vs Okami,http://ufcstats.com/event-details/0ff11cc094e887bc,13/11/2010,"Oberhausen, North Rhine-Westphalia, Germany"
UFC 121: Lesnar vs Velasquez,http://ufcstats.com/event-details/afdb76fbd86f6d11,23/10/2010,"Anaheim, California, USA"
UFC 120: Bisping vs Akiyama,http://ufcstats.com/event-details/d512d9f204059f57,16/10/2010,"London, England, United Kingdom"
UFC 119: Mir vs Cro Cop,http://ufcstats.com/event-details/ad32471f01e7b1a5,25/9/2010,"Indianapolis, Indiana, USA"
UFC Fight Night: Marquardt vs Palhares,http://ufcstats.com/event-details/acff437707625fc7,15/9/2010,"Austin, Texas, USA"
UFC 118: Edgar vs Penn 2,http://ufcstats.com/event-details/054defd5420a551f,28/8/2010,"Boston, Massachusetts, USA"
UFC 117: Silva vs Sonnen,http://ufcstats.com/event-details/2f3f12002564bb55,7/8/2010,"Oakland, California, USA"
UFC Live: Jones vs Matyushenko,http://ufcstats.com/event-details/f12f979b657ab876,1/8/2010,"San Diego, California, USA"
UFC 116: Lesnar vs Carwin,http://ufcstats.com/event-details/140745cbbcb023ac,3/7/2010,"Las Vegas, Nevada, USA"
The Ultimate Fighter: Team Liddell vs Team Ortiz Finale,http://ufcstats.com/event-details/9bcf8603ceb25680,19/6/2010,"Las Vegas, Nevada, USA"
UFC 115: Liddell vs Franklin,http://ufcstats.com/event-details/cfb65863d5099327,12/6/2010,"Vancouver, British Columbia, Canada"
UFC 114: Rampage vs Evans,http://ufcstats.com/event-details/bfc2fc38a0e20211,29/5/2010,"Las Vegas, Nevada, USA"
UFC 113: Machida vs Shogun 2,http://ufcstats.com/event-details/d0c29452d3272603,8/5/2010,"Montreal, Quebec, Canada"
UFC 112: Invincible,http://ufcstats.com/event-details/24b033b3daf1c9df,10/4/2010,"Abu Dhabi, United Arab Emirates"
UFC Fight Night: Florian vs Gomi,http://ufcstats.com/event-details/3ed134d85dfbd7b4,31/3/2010,"Charlotte, North Carolina, USA"
UFC 111: St-Pierre vs Hardy,http://ufcstats.com/event-details/c80095f6092271a7,27/3/2010,"Newark, New Jersey, USA"
UFC Live: Vera vs Jones,http://ufcstats.com/event-details/3795fca327cbcf23,21/3/2010,"Broomfield, Colorado, USA"
UFC 110: Nogueira vs Velasquez,http://ufcstats.com/event-details/49efbdc6c9f650c4,20/2/2010,"Sydney, New South Wales, Australia"
UFC 109: Relentless,http://ufcstats.com/event-details/15edcf67ccf5be84,6/2/2010,"Las Vegas, Nevada, USA"
UFC Fight Night: Maynard vs Diaz,http://ufcstats.com/event-details/58bc81376286b3d3,11/1/2010,"Fairfax, Virginia, USA"
UFC 108: Evans vs Silva,http://ufcstats.com/event-details/a6d8bfe9e0c8153b,2/1/2010,"Las Vegas, Nevada, USA"
UFC 107: Penn vs Sanchez,http://ufcstats.com/event-details/821cd80aab70d5f9,12/12/2009,"Memphis, Tennessee, USA"
The Ultimate Fighter: Heavyweights Finale,http://ufcstats.com/event-details/91d73ee59347ac16,5/12/2009,"Las Vegas, Nevada, USA"
UFC 106: Ortiz vs Griffin 2,http://ufcstats.com/event-details/84a067c46306a737,21/11/2009,"Las Vegas, Nevada, USA"
UFC 105: Couture vs Vera,http://ufcstats.com/event-details/fa8b9e6b0c2269f8,14/11/2009,"Manchester, England, United Kingdom"
UFC 104: Machida vs Shogun,http://ufcstats.com/event-details/7c0847d3854a95f2,24/10/2009,"Los Angeles, California, USA"
UFC 103: Franklin vs Belfort,http://ufcstats.com/event-details/896c322f56b8be5a,19/9/2009,"Dallas, Texas, USA"
UFC Fight Night: Diaz vs Guillard,http://ufcstats.com/event-details/a8ea84cbe1655f0a,16/9/2009,"Oklahoma City, Oklahoma, USA"
UFC 102: Couture vs Nogueira,http://ufcstats.com/event-details/c6a33ff198aaaeeb,29/8/2009,"Portland, Oregon, USA"
UFC 101: Declaration,http://ufcstats.com/event-details/48d1f690b763934c,8/8/2009,"Philadelphia, Pennsylvania, USA"
UFC 100,http://ufcstats.com/event-details/0ee783aa00e468f0,11/7/2009,"Las Vegas, Nevada, USA"
The Ultimate Fighter: United States vs. United Kingdom Finale,http://ufcstats.com/event-details/4908c5ee68a50ee5,20/6/2009,"Las Vegas, Nevada, USA"
UFC 99: The Comeback,http://ufcstats.com/event-details/cb6783c39c01d896,13/6/2009,"Cologne, North Rhine-Westphalia, Germany"
UFC 98: Evans vs Machida,http://ufcstats.com/event-details/c4b6099f0d25f75e,23/5/2009,"Las Vegas, Nevada, USA"
UFC 97: Redemption,http://ufcstats.com/event-details/1652f3213655b935,18/4/2009,"Montreal, Quebec, Canada"
UFC Fight Night: Condit vs Kampmann,http://ufcstats.com/event-details/04d5718ed2661e8c,1/4/2009,"Nashville, Tennessee, USA"
UFC 96: Jackson vs Jardine,http://ufcstats.com/event-details/29b5791e51e7e832,7/3/2009,"Columbus, Ohio, USA"
UFC 95: Sanchez vs Stevenson,http://ufcstats.com/event-details/7d21de9c6d7c98b2,21/2/2009,"London, England, United Kingdom"
UFC Fight Night: Lauzon vs Stephens,http://ufcstats.com/event-details/d1759b2b7be9be56,7/2/2009,"Tampa, Florida, USA"
UFC 94: St-Pierre vs Penn 2,http://ufcstats.com/event-details/2a542ee8a8b83559,31/1/2009,"Las Vegas, Nevada, USA"
UFC 93: Franklin vs Henderson,http://ufcstats.com/event-details/68c6cd5287b473a7,17/1/2009,"Dublin, Leinster, Ireland"
UFC 92: The Ultimate 2008,http://ufcstats.com/event-details/23ab42947c1990e3,27/12/2008,"Las Vegas, Nevada, USA"
The Ultimate Fighter: Team Nogueira vs. Team Mir Finale,http://ufcstats.com/event-details/ea398c802d9998ee,13/12/2008,"Las Vegas, Nevada, USA"
UFC Fight Night - Fight for the Troops,http://ufcstats.com/event-details/30cd319d39ee689b,10/12/2008,"Fayetteville, North Carolina, USA"
UFC 91: Couture vs Lesnar,http://ufcstats.com/event-details/a2b06ca02bca14c0,15/11/2008,"Las Vegas, Nevada, USA"
UFC 90: Silva vs Cote,http://ufcstats.com/event-details/c670aa48827d6be6,25/10/2008,"Rosemont, Illinois, USA"
UFC 89: Bisping vs Leben,http://ufcstats.com/event-details/312f47c3d2f83ffa,18/10/2008,"Birmingham, England, United Kingdom"
UFC Fight Night: Diaz vs Neer,http://ufcstats.com/event-details/279093302a6f44b3,17/9/2008,"Omaha, Nebraska, USA"
UFC 88: Breakthrough,http://ufcstats.com/event-details/0db70ca89e1c7374,6/9/2008,"Atlanta, Georgia, USA"
UFC 87: Seek And Destroy,http://ufcstats.com/event-details/19ffeb5e3fffd6d5,9/8/2008,"Minneapolis, Minnesota, USA"
UFC: Silva vs Irvin,http://ufcstats.com/event-details/46f11d15c0134fe3,19/7/2008,"Las Vegas, Nevada, USA"
UFC 86: Jackson vs Griffin,http://ufcstats.com/event-details/bf12aca029bfcc47,5/7/2008,"Las Vegas, Nevada, USA"
The Ultimate Fighter: Team Rampage vs Team Forrest Finale,http://ufcstats.com/event-details/2299605af59fd309,21/6/2008,"Las Vegas, Nevada, USA"
UFC 85: Bedlam,http://ufcstats.com/event-details/2efbc83a6b9b7f86,7/6/2008,"London, England, United Kingdom"
UFC 84: Ill Will,http://ufcstats.com/event-details/2549d63da9c456cb,24/5/2008,"Las Vegas, Nevada, USA"
UFC 83: Serra vs St-Pierre 2,http://ufcstats.com/event-details/ad047e3073a775f3,19/4/2008,"Montreal, Quebec, Canada"
UFC Fight Night: Florian vs Lauzon,http://ufcstats.com/event-details/b9e871af730f826c,2/4/2008,"Broomfield, Colorado, USA"
UFC 82: Pride of a Champion,http://ufcstats.com/event-details/598a58db87b890ee,1/3/2008,"Columbus, Ohio, USA"
UFC 81: Breaking Point,http://ufcstats.com/event-details/597db668b01c442c,2/2/2008,"Las Vegas, Nevada, USA"
UFC Fight Night: Swick vs Burkman,http://ufcstats.com/event-details/33e33d51f289d2a1,23/1/2008,"Las Vegas, Nevada, USA"
UFC 80: Rapid Fire,http://ufcstats.com/event-details/a24e080000fa7a35,19/1/2008,"Newcastle, England, United Kingdom"
UFC 79: Nemesis,http://ufcstats.com/event-details/7269329bd87eb479,29/12/2007,"Las Vegas, Nevada, USA"
The Ultimate Fighter: Team Hughes vs. Team Serra Finale,http://ufcstats.com/event-details/df85d6ec3493d120,8/12/2007,"Las Vegas, Nevada, USA"
UFC 78: Validation,http://ufcstats.com/event-details/1d147d4163a6989b,17/11/2007,"Newark, New Jersey, USA"
UFC 77: Hostile Territory,http://ufcstats.com/event-details/91181b29be041f1c,20/10/2007,"Cincinnati, Ohio, USA"
UFC 76: Knockout,http://ufcstats.com/event-details/bad28b7b34f334de,22/9/2007,"Anaheim, California, USA"
UFC Fight Night: Thomas vs Florian,http://ufcstats.com/event-details/f341f9551ba744e2,19/9/2007,"Las Vegas, Nevada, USA"
UFC 75: Champion vs Champion,http://ufcstats.com/event-details/0aa92558424ced9e,8/9/2007,"London, England, United Kingdom"
UFC 74: Respect,http://ufcstats.com/event-details/a5c53b3ddb31cc7d,25/8/2007,"Las Vegas, Nevada, USA"
UFC 73: Stacked,http://ufcstats.com/event-details/2a6f8136da1e52c0,7/7/2007,"Sacramento, California, USA"
The Ultimate Fighter: Team Pulver vs. Team Penn Finale,http://ufcstats.com/event-details/e7ec11096eac0282,23/6/2007,"Las Vegas, Nevada, USA"
UFC 72: Victory,http://ufcstats.com/event-details/5ca158b1cc9cb242,16/6/2007,"Belfast, Northern Ireland, United Kingdom"
UFC Fight Night: Stout vs Fisher,http://ufcstats.com/event-details/304fcd812f12c589,12/6/2007,"Hollywood, Florida, USA"
UFC 71: Liddell vs Jackson,http://ufcstats.com/event-details/2e04a3b4a2011b97,26/5/2007,"Las Vegas, Nevada, USA"
UFC 70: Nations Collide,http://ufcstats.com/event-details/4604ab1de9058474,21/4/2007,"Manchester, England, United Kingdom"
UFC 69: Shootout,http://ufcstats.com/event-details/c1684f00c626f4c0,7/4/2007,"Houston, Texas, USA"
UFC Fight Night: Stevenson vs Guillard,http://ufcstats.com/event-details/a6c2f5381d575920,5/4/2007,"Las Vegas, Nevada, USA"
UFC 68: The Uprising,http://ufcstats.com/event-details/de3ed2e152520c8d,3/3/2007,"Columbus, Ohio, USA"
UFC 67: All or Nothing,http://ufcstats.com/event-details/63b65af1c5cb02cb,3/2/2007,"Las Vegas, Nevada, USA"
UFC Fight Night: Evans vs Salmon,http://ufcstats.com/event-details/13c4313ed0f744f3,25/1/2007,"Hollywood, Florida, USA"
UFC 66: Liddell vs Ortiz 2,http://ufcstats.com/event-details/ee5df903f80c6816,30/12/2006,"Las Vegas, Nevada, USA"
UFC Fight Night: Sanchez vs Riggs,http://ufcstats.com/event-details/21b8a0f5c231096f,13/12/2006,"San Diego, California, USA"
UFC 65: Bad Intentions,http://ufcstats.com/event-details/3fed746acfd026dd,18/11/2006,"Sacramento, California, USA"
The Ultimate Fighter: The Comeback Finale,http://ufcstats.com/event-details/baf942f4bcb09894,11/11/2006,"Las Vegas, Nevada, USA"
UFC 64: Unstoppable,http://ufcstats.com/event-details/13b2f59210dda9cc,14/10/2006,"Las Vegas, Nevada, USA"
Ortiz vs Shamrock 3: The Final Chapter,http://ufcstats.com/event-details/577ec7e108b94be3,10/10/2006,"Hollywood, Florida, USA"
UFC 63: Hughes vs Penn,http://ufcstats.com/event-details/13e62d766b709aa6,23/9/2006,"Anaheim, California, USA"
UFC 62: Liddell vs Sobral,http://ufcstats.com/event-details/f717b6002486f73f,26/8/2006,"Las Vegas, Nevada, USA"
UFC Fight Night 6,http://ufcstats.com/event-details/46c8ec317aff28ac,17/8/2006,"Las Vegas, Nevada, USA"
UFC 61: Bitter Rivals,http://ufcstats.com/event-details/f70144caea5c4c80,8/7/2006,"Las Vegas, Nevada, USA"
UFC Fight Night 5,http://ufcstats.com/event-details/445a98acb8985970,28/6/2006,"Las Vegas, Nevada, USA"
The Ultimate Fighter: Team Ortiz vs. Team Shamrock Finale,http://ufcstats.com/event-details/1dab0d1d81dd06db,24/6/2006,"Las Vegas, Nevada, USA"
UFC 60: Hughes vs Gracie,http://ufcstats.com/event-details/a54a35a670d8e852,27/5/2006,"Los Angeles, California, USA"
UFC 59: Reality Check,http://ufcstats.com/event-details/03688dc3c3af3ac1,15/4/2006,"Anaheim, California, USA"
UFC Fight Night 4,http://ufcstats.com/event-details/b361180739bed4b0,6/4/2006,"Las Vegas, Nevada, USA"
UFC 58: USA vs Canada,http://ufcstats.com/event-details/0e9869d712e81f8f,4/3/2006,"Las Vegas, Nevada, USA"
UFC 57: Liddell vs Couture 3,http://ufcstats.com/event-details/977081bc01197656,4/2/2006,"Las Vegas, Nevada, USA"
UFC Fight Night 3,http://ufcstats.com/event-details/2ee09ec2a0695eb9,16/1/2006,"Las Vegas, Nevada, USA"
UFC 56: Full Force,http://ufcstats.com/event-details/c7e9d15cfce52f1d,19/11/2005,"Las Vegas, Nevada, USA"
The Ultimate Fighter: Team Hughes vs. Team Franklin Finale,http://ufcstats.com/event-details/31ceaf0e670c1578,5/11/2005,"Las Vegas, Nevada, USA"
UFC 55: Fury,http://ufcstats.com/event-details/271fe91f4ba9d2c5,7/10/2005,"Uncasville, Connecticut, USA"
UFC Fight Night 2,http://ufcstats.com/event-details/efaf544314bb5c2e,3/10/2005,"Las Vegas, Nevada, USA"
UFC 54: Boiling Point,http://ufcstats.com/event-details/669a3cb6e394f515,20/8/2005,"Las Vegas, Nevada, USA"
UFC Fight Night 1,http://ufcstats.com/event-details/3f24c96753dbd9f9,6/8/2005,"Las Vegas, Nevada, USA"
UFC 53: Heavy Hitters,http://ufcstats.com/event-details/d3711d3784b76255,4/6/2005,"Atlantic City, New Jersey, USA"
UFC 52: Couture vs Liddell 2,http://ufcstats.com/event-details/c933d423ebdbbbdb,16/4/2005,"Las Vegas, Nevada, USA"
The Ultimate Fighter: Team Couture vs. Team Liddell Finale,http://ufcstats.com/event-details/fbbde91f7bc2d3c5,9/4/2005,"Las Vegas, Nevada, USA"
UFC 51: Super Saturday,http://ufcstats.com/event-details/85d905f7c4f5a1af,5/2/2005,"Las Vegas, Nevada, USA"
UFC 50: The War Of '04,http://ufcstats.com/event-details/ce783bf73b5131f9,22/10/2004,"Atlantic City, New Jersey, USA"
UFC 49: Unfinished Business,http://ufcstats.com/event-details/b4bc2e3353a770b5,21/8/2004,"Las Vegas, Nevada, USA"
UFC 48: Payback,http://ufcstats.com/event-details/429e7d3725852ce9,19/6/2004,"Las Vegas, Nevada, USA"
UFC 47: It's On!,http://ufcstats.com/event-details/e8fb8e53bc2e29d6,2/4/2004,"Las Vegas, Nevada, USA"
UFC 46: Supernatural,http://ufcstats.com/event-details/94609dd91731d428,31/1/2004,"Las Vegas, Nevada, USA"
UFC 45: Revolution,http://ufcstats.com/event-details/e670f8cc2969a789,21/11/2003,"Uncasville, Connecticut, USA"
UFC 44: Undisputed,http://ufcstats.com/event-details/c61f66d8c3fd5f07,26/9/2003,"Las Vegas, Nevada, USA"
UFC 43: Meltdown,http://ufcstats.com/event-details/108afe61a26bcbf4,6/6/2003,"Las Vegas, Nevada, USA"
UFC 42: Sudden Impact,http://ufcstats.com/event-details/ae58685caf8e4a0d,25/4/2003,"Miami, Florida, USA"
UFC 41: Onslaught,http://ufcstats.com/event-details/bba678d312590087,28/2/2003,"Atlantic City, New Jersey, USA"
UFC 40: Vendetta,http://ufcstats.com/event-details/e06fd1260ac865a7,22/11/2002,"Las Vegas, Nevada, USA"
UFC 39: The Warriors Return,http://ufcstats.com/event-details/0cf935519d439ba6,27/9/2002,"Uncasville, Connecticut, USA"
UFC 38: Brawl at the Hall,http://ufcstats.com/event-details/1dc56b59cb28425d,13/7/2002,"London, England, United Kingdom"
UFC 37.5: As Real As It Gets,http://ufcstats.com/event-details/9ccdd2ce45903f34,22/6/2002,"Las Vegas, Nevada, USA"
UFC 37: High Impact,http://ufcstats.com/event-details/9fd1f08dd4aec14a,10/5/2002,"Bossier City, Louisiana, USA"
UFC 36: Worlds Collide,http://ufcstats.com/event-details/02fc8f50f56eb307,22/3/2002,"Las Vegas, Nevada, USA"
UFC 35: Throwdown,http://ufcstats.com/event-details/946f341df6472ee0,11/1/2002,"Uncasville, Connecticut, USA"
UFC 34: High Voltage,http://ufcstats.com/event-details/4dc496aa0cfc0d95,2/11/2001,"Las Vegas, Nevada, USA"
UFC 33: Victory in Vegas,http://ufcstats.com/event-details/c75b99887c8c3f5a,28/9/2001,"Las Vegas, Nevada, USA"
UFC 32: Showdown in the Meadowlands,http://ufcstats.com/event-details/7b9aa973e5c04624,29/6/2001,"East Rutherford, New Jersey, USA"
UFC 31: Locked and Loaded,http://ufcstats.com/event-details/20bd6c3e03c46ee6,4/5/2001,"Atlantic City, New Jersey, USA"
UFC 30: Battle on the Boardwalk,http://ufcstats.com/event-details/2b1587a3376ab743,23/2/2001,"Atlantic City, New Jersey, USA"
UFC 29: Defense of the Belts,http://ufcstats.com/event-details/08ae5cd9aef7ddd3,16/12/2000,"Tokyo, Japan"
UFC 28: High Stakes,http://ufcstats.com/event-details/da6dfd09cca1d705,17/11/2000,"Atlantic City, New Jersey, USA"
UFC 27: Ultimate Bad Boyz,http://ufcstats.com/event-details/31652c9267606d54,22/9/2000,"New Orleans, Louisiana, USA"
UFC 26: Ultimate Field Of Dreams,http://ufcstats.com/event-details/cedfdf8d423d500c,9/6/2000,"Cedar Rapids, Iowa, USA"
UFC 25: Ultimate Japan 3,http://ufcstats.com/event-details/d2b1c1317a39f6c6,14/4/2000,"Tokyo, Japan"
UFC 24: First Defense,http://ufcstats.com/event-details/20ec0061400178ca,10/3/2000,"Lake Charles, Louisiana, USA"
UFC 23: Ultimate Japan 2,http://ufcstats.com/event-details/a8fa0c4e95512806,19/11/1999,"Chiba, Japan"
UFC 22: Only One Can be Champion,http://ufcstats.com/event-details/afaad7d6a581e307,24/9/1999,"Lake Charles, Louisiana, USA"
UFC 21: Return of the Champions,http://ufcstats.com/event-details/1a1a4d7a29041d77,16/7/1999,"Cedar Rapids, Iowa, USA"
UFC 20: Battle for the Gold,http://ufcstats.com/event-details/a7b48e18ca27795d,7/5/1999,"Birmingham, Alabama, USA"
UFC 19: Ultimate Young Guns,http://ufcstats.com/event-details/a220be6d41d6f97d,5/3/1999,"Bay St. Louis, Mississippi, USA"
UFC 18: The Road to the Heavyweight Title,http://ufcstats.com/event-details/c9bbf1a0285a8076,8/1/1999,"New Orleans, Louisiana, USA"
UFC - Ultimate Brazil,http://ufcstats.com/event-details/32a3025d5db456ae,16/10/1998,"Sao Paulo, Brazil"
UFC 17: Redemption,http://ufcstats.com/event-details/4a01dc8376736ef5,15/5/1998,"Mobile, Alabama, USA"
UFC 16: Battle in the Bayou,http://ufcstats.com/event-details/749685d24e2cac50,13/3/1998,"New Orleans, Louisiana, USA"
UFC - Ultimate Japan,http://ufcstats.com/event-details/29f935654825331b,21/12/1997,"Yokohama, Kanagawa, Japan"
UFC 15: Collision Course,http://ufcstats.com/event-details/07a18ae55dfc3cd9,17/10/1997,"Bay St. Louis, Mississippi, USA"
UFC 14: Showdown,http://ufcstats.com/event-details/dc950d59dc590aca,27/7/1997,"Birmingham, Alabama, USA"
UFC 13: The Ultimate Force,http://ufcstats.com/event-details/5bd533d50c8e7b8a,30/5/1997,"Augusta, Georgia, USA"
UFC 12: Judgement Day,http://ufcstats.com/event-details/96eff1a628adcc7f,7/2/1997,"Dothan, Alabama, USA"
UFC - Ultimate Ultimate '96,http://ufcstats.com/event-details/9b5b5a75523728f3,7/12/1996,"Birmingham, Alabama, USA"
UFC 11: The Proving Ground,http://ufcstats.com/event-details/6ceff86fae4f6b3b,20/9/1996,"Augusta, Georgia, USA"
UFC 10: The Tournament,http://ufcstats.com/event-details/aee8eecfc4bfb1e7,12/7/1996,"Birmingham, Alabama, USA"
UFC 9: Motor City Madness,http://ufcstats.com/event-details/a390eb8a9b2df298,17/5/1996,"Detroit, Michigan, USA"
UFC 8: David vs Goliath,http://ufcstats.com/event-details/b63e800c18e011b5,16/2/1996,"San Juan, Puerto Rico"
UFC - Ultimate Ultimate '95,http://ufcstats.com/event-details/31bbd46d57dfbcb7,16/12/1995,"Denver, Colorado, USA"
UFC 7: The Brawl in Buffalo,http://ufcstats.com/event-details/5af480a3b2e1726b,8/9/1995,"Buffalo, New York, USA"
UFC 6: Clash of the Titans,http://ufcstats.com/event-details/1c3f5e85b59ec710,14/7/1995,"Casper, Wyoming, USA"
UFC 5: The Return of the Beast,http://ufcstats.com/event-details/dedc3bb440d09554,7/4/1995,"Charlotte, North Carolina, USA"
UFC 4: Revenge of the Warriors,http://ufcstats.com/event-details/b60391da771deefe,16/12/1994,"Tulsa, Oklahoma, USA"
UFC 3: The American Dream,http://ufcstats.com/event-details/1a49e0670dfaca31,9/9/1994,"Charlotte, North Carolina, USA"
UFC 2: No Way Out,http://ufcstats.com/event-details/a6a9ab5a824e8f66,11/3/1994,"Denver, Colorado, USA"